date,open,high,low,close,volume
2010-04-20,14.9,14.9,14.65,14.68,5800
2010-04-21,14.6,14.7,14.41,14.45,8700
2010-04-22,14.39,14.39,14.17,14.37,10800
2010-04-23,14.32,14.42,14.25,14.42,3300
2010-04-26,14.96,14.96,14.4,14.64,10800
2010-04-27,14.35,14.4,13.91,13.91,20200
2010-04-28,14.08,14.08,13.77,13.94,15400
2010-04-29,14.06,14.06,13.95,13.95,54400
2010-04-30,14.18,14.18,13.62,13.62,40400
2010-05-03,13.45,13.65,13.31,13.42,4900
2010-05-04,13.17,13.17,12.44,12.56,10900
2010-05-05,12,12.48,11.93,12.33,6200
2010-05-06,12.28,12.32,11.36,11.74,5900
2010-05-07,11.99,11.99,11.5,11.71,8400
2010-05-10,12.67,12.72,12.6,12.68,7500
2010-05-11,12.57,12.64,12.5,12.5,5300
2010-05-12,12.67,12.67,12.51,12.62,98200
2010-05-13,12.86,12.92,12.69,12.71,7800
2010-05-14,12.45,12.45,12.05,12.21,11900
2010-05-17,12.36,12.36,11.38,11.7,7000
2010-05-18,11.99,11.99,11.41,11.41,10500
2010-05-19,11.1,11.14,10.76,11.03,2300
2010-05-20,10.8,10.8,10.31,10.44,7000
2010-05-21,10.88,11.1,10.88,11.07,4200
2010-05-24,11.19,11.21,11.03,11.03,3200
2010-05-25,10.45,10.88,10.37,10.88,15800
2010-05-26,11.31,11.35,11.24,11.25,2900
2010-05-27,11.66,12.01,11.66,12.01,7300
2010-05-28,11.85,11.85,11.66,11.75,4800
2010-06-01,11,11.65,11,11.57,2200
2010-06-02,11.56,11.74,11.56,11.74,2100
2010-06-03,11.99,11.99,11.4,11.54,25800
2010-06-04,11.2,11.2,10.81,10.84,6400
2010-06-07,11.19,11.19,10.43,10.46,26200
2010-06-08,10.6,10.74,10.49,10.74,5900
2010-06-09,11.09,11.11,10.79,10.79,25900
2010-06-10,11.19,11.46,11.19,11.41,5500
2010-06-11,11.54,11.54,11.36,11.4,10300
2010-06-14,11.89,11.92,11.76,11.8,2400
2010-06-15,11.94,11.95,11.76,11.95,12300
2010-06-16,11.85,12.02,11.78,11.98,11300
2010-06-17,11.85,11.94,11.77,11.77,4100
2010-06-18,12.36,12.36,11.19,11.86,5000
2010-06-21,12.5,12.5,12.06,12.06,14100
2010-06-22,11.96,12.07,11.75,11.75,4100
2010-06-23,12.28,12.28,11.5,11.68,11000
2010-06-24,11.68,11.68,11.68,11.68,0
2010-06-25,11.68,11.68,11.35,11.45,3800
2010-06-28,11.46,11.46,11.4,11.4,600
2010-06-29,11.22,11.22,10.68,10.7,13100
2010-06-30,10.7,10.71,10.39,10.39,3700
2010-07-01,10.35,10.41,10,10.39,28500
2010-07-02,10.51,10.51,10.45,10.51,4200
2010-07-06,10.59,10.82,10.59,10.61,4300
2010-07-07,10.74,11.17,10.74,11.17,3400
2010-07-08,11.21,11.21,11.16,11.16,600
2010-07-09,11.35,11.66,11.35,11.63,15500
2010-07-12,11.67,11.67,11.67,11.67,200
2010-07-13,11.61,11.93,11.61,11.91,7700
2010-07-14,11.8,11.8,11.74,11.74,1000
2010-07-15,11.63,11.63,11.56,11.56,500
2010-07-16,11.48,11.48,11.26,11.36,7500
2010-07-19,11.36,11.36,11.36,11.36,0
2010-07-20,11.64,11.82,11.64,11.82,5400
2010-07-21,11.94,12,11.94,12,800
2010-07-22,12.24,12.54,12.24,12.5,6000
2010-07-23,12.78,12.78,12.42,12.65,14200
2010-07-26,13.01,13.01,12.72,12.8,3900
2010-07-27,12.84,13.03,12.7,12.82,10000
2010-07-28,12.82,12.83,12.78,12.78,3000
2010-07-29,12.87,12.99,12.71,12.8,2800
2010-07-30,12.58,12.92,12.58,12.92,2400
2010-08-02,13.13,13.36,13.13,13.3,34400
2010-08-03,13.38,13.4,13.26,13.3,3600
2010-08-04,13.42,13.49,13.37,13.49,9900
2010-08-05,13.43,13.43,13.35,13.35,1500
2010-08-06,13.35,13.44,13.22,13.37,8100
2010-08-09,13.56,13.56,13.38,13.42,4100
2010-08-10,13.03,13.19,12.85,13.15,29600
2010-08-11,12.73,12.73,12.4,12.4,1700
2010-08-12,12.26,12.41,12.26,12.34,3400
2010-08-13,12.42,12.42,12.35,12.35,1900
2010-08-16,12.4,12.48,12.4,12.44,2300
2010-08-17,12.82,12.98,12.81,12.98,6100
2010-08-18,13,13,12.75,12.92,7100
2010-08-19,12.92,12.92,12.6,12.6,1300
2010-08-20,12.46,12.46,12.32,12.42,5500
2010-08-23,12.42,12.47,12.32,12.44,2000
2010-08-24,12.06,12.07,11.87,12.01,4200
2010-08-25,11.8,12.03,11.73,12.03,8300
2010-08-26,12.23,12.28,12.07,12.1,6700
2010-08-27,12.32,12.54,12.32,12.53,11100
2010-08-30,12.7,12.7,12.51,12.51,1800
2010-08-31,12.46,12.6,12.35,12.4,7000
2010-09-01,13,13.33,12.99,13.3,15300
2010-09-02,13.34,13.35,13.31,13.33,7600
2010-09-03,13.66,13.68,13.51,13.55,5400
2010-09-07,13.49,13.55,13.28,13.38,10700
2010-09-08,13.63,13.67,13.51,13.51,54400
2010-09-09,13.77,13.77,13.55,13.61,5600
2010-09-10,13.65,13.69,13.58,13.68,11200
2010-09-13,13.97,14.22,13.94,14.22,9400
2010-09-14,14.09,14.4,14.09,14.25,12400
2010-09-15,14.2,14.27,14.19,14.25,4500
2010-09-16,14.27,14.32,14.24,14.32,8600
2010-09-17,14.45,14.47,14.31,14.42,5100
2010-09-20,14.5,14.71,14.5,14.71,4900
2010-09-21,14.67,14.73,14.42,14.61,6200
2010-09-22,14.86,14.95,14.82,14.82,12200
2010-09-23,14.67,14.91,14.36,14.73,8500
2010-09-24,15.05,15.29,14.34,15.27,34500
2010-09-27,15.37,15.41,15.27,15.3,53300
2010-09-28,15.36,15.48,15.06,15.46,17500
2010-09-29,15.33,15.57,15.33,15.51,50200
2010-09-30,15.63,15.67,15.22,15.41,13200
2010-10-01,15.49,15.83,15.49,15.81,20400
2010-10-04,15.78,15.79,15.43,15.55,44300
2010-10-05,15.79,16.1,15.77,16.08,98900
2010-10-06,16.32,16.5,16.26,16.47,294600
2010-10-07,16.56,16.56,15.91,16.11,302700
2010-10-08,16.25,16.6,16.22,16.58,68600
2010-10-11,16.9,16.9,16.6,16.64,164500
2010-10-12,16.65,16.67,16.35,16.65,402800
2010-10-13,17.2,17.36,16.88,17.25,223100
2010-10-14,17.37,17.49,17.1,17.21,164500
2010-10-15,17.34,17.34,16.86,17.14,163200
2010-10-18,16.93,16.94,16.59,16.92,174900
2010-10-19,16.36,16.36,16,16.09,171700
2010-10-20,16.03,16.62,15.86,16.52,115700
2010-10-21,16.89,16.89,16.35,16.59,263400
2010-10-22,16.56,16.66,16.47,16.54,189500
2010-10-25,17.13,17.21,17,17.03,47200
2010-10-26,16.8,16.95,16.65,16.92,30900
2010-10-27,16.57,16.57,16.21,16.34,191700
2010-10-28,16.46,16.62,16.41,16.54,171200
2010-10-29,16.54,16.73,16.54,16.7,32200
2010-11-01,16.8,17.16,16.7,16.94,88400
2010-11-02,17.2,17.25,17.13,17.24,32400
2010-11-03,17.2,17.2,16.79,17.13,69800
2010-11-04,17.91,18.2,17.62,18.06,273600
2010-11-05,18.3,18.49,18.16,18.35,344100
2010-11-08,18.33,18.38,18.14,18.32,206700
2010-11-09,18.73,18.74,17.93,18.02,302500
2010-11-10,18.21,18.62,17.6,18.11,180200
2010-11-11,18.4,18.4,18.05,18.39,151300
2010-11-12,18,18.1,17.49,17.73,180100
2010-11-15,17.8,17.88,17.51,17.51,51700
2010-11-16,17.23,17.23,16.51,16.73,234900
2010-11-17,16.7,17.01,16.68,16.86,155700
2010-11-18,17.24,17.65,17.15,17.58,156600
2010-11-19,17.46,17.62,17.25,17.58,35700
2010-11-22,17.64,17.64,17.3,17.51,133400
2010-11-23,17.15,17.24,16.71,16.88,62800
2010-11-24,17.18,17.36,17.12,17.29,217600
2010-11-26,17.36,17.36,16.88,16.97,265700
2010-11-29,16.94,16.94,16.55,16.87,45800
2010-11-30,16.65,16.82,16.44,16.72,227100
2010-12-01,17.17,17.47,17.01,17.45,148900
2010-12-02,17.71,17.98,17.6,17.96,85300
2010-12-03,18.02,18.23,17.97,18.19,223400
2010-12-06,19.03,19.03,18.23,18.46,215100
2010-12-07,19.05,19.34,18.8,18.82,295800
2010-12-08,18.94,18.94,18.31,18.52,169400
2010-12-09,18.94,18.94,18.55,18.68,118300
2010-12-10,18.71,19.03,18.6,19.01,121200
2010-12-13,19.4,19.6,19.32,19.36,420400
2010-12-14,19.48,19.48,19.25,19.39,433300
2010-12-15,19.34,19.38,18.96,18.96,336300
2010-12-16,19.01,19.08,18.59,18.78,90100
2010-12-17,18.96,19,18.78,18.9,87800
2010-12-20,19.13,19.15,18.79,18.93,109700
2010-12-21,19.26,19.26,19.05,19.19,141300
2010-12-22,19.34,19.4,19.2,19.27,247700
2010-12-23,19.39,19.39,19.1,19.27,117900
2010-12-27,19.3,19.97,19.05,19.17,81600
2010-12-28,19.42,20.4,19.31,19.67,184600
2010-12-29,20.26,20.34,19.41,19.63,444200
2010-12-30,19.77,19.78,19.5,19.66,156300
2010-12-31,19.77,19.93,19.66,19.9,132900
2011-01-03,20.33,20.39,20.01,20.27,362000
2011-01-04,20.6,20.6,19.46,19.83,493400
2011-01-05,19.62,19.76,19.25,19.6,238700
2011-01-06,19.5,19.91,19.34,19.4,143500
2011-01-07,19.3,19.35,19,19.18,164200
2011-01-10,18.98,19.08,18.8,19.08,98200
2011-01-11,19.22,19.65,19.22,19.6,157900
2011-01-12,20.15,20.24,19.96,20.21,206000
2011-01-13,20.55,20.55,20.11,20.14,236600
2011-01-14,20,20.17,19.88,20.17,109800
2011-01-18,20.38,20.5,20.28,20.49,173400
2011-01-19,20.55,20.73,20,20.08,272900
2011-01-20,19.65,19.69,19.02,19.29,373600
2011-01-21,19.7,19.7,19.19,19.2,128600
2011-01-24,19.24,19.42,19.06,19.32,90000
2011-01-25,19,19.15,18.75,19.02,202800
2011-01-26,18.99,19.5,18.94,19.42,100800
2011-01-27,19.66,19.68,19.22,19.41,112700
2011-01-28,19.31,19.31,18.8,18.87,97400
2011-01-31,19,19.15,18.8,19.08,72000
2011-02-01,19.47,19.97,19.34,19.93,147400
2011-02-02,19.94,20.19,19.76,20.17,131900
2011-02-03,20.44,20.44,20.03,20.36,196200
2011-02-04,20.4,20.54,20.22,20.41,81700
2011-02-07,20.47,20.75,20.47,20.54,152000
2011-02-08,20.5,20.58,20.33,20.5,153800
2011-02-09,20.45,20.48,19.81,19.99,147400
2011-02-10,19.71,19.9,19.39,19.8,99900
2011-02-11,19.55,20.03,19.51,19.95,263100
2011-02-14,19.96,20.3,19.96,20.25,94100
2011-02-15,20.21,20.23,19.89,19.96,184500
2011-02-16,19.99,20.2,19.91,20.16,83600
2011-02-17,19.95,20.02,19.76,19.87,147000
2011-02-18,19.84,19.85,19.5,19.56,207400
2011-02-22,19.07,19.55,18.58,18.62,260500
2011-02-23,18.68,18.73,18.16,18.42,1042100
2011-02-24,18.56,18.87,18.31,18.51,81600
2011-02-25,18.76,19.05,18.76,19.05,53900
2011-02-28,19.34,19.57,19.3,19.5,93000
2011-03-01,19.7,19.76,19.22,19.3,94200
2011-03-02,19.24,19.46,19.24,19.4,53400
2011-03-03,19.79,19.79,19.56,19.76,203700
2011-03-04,19.76,19.79,19.46,19.59,95900
2011-03-07,19.65,19.71,18.95,19.07,164300
2011-03-08,18.91,19.05,18.65,18.93,70300
2011-03-09,18.91,18.91,18.46,18.48,93300
2011-03-10,18.01,18.1,17.58,17.68,393100
2011-03-11,17.37,18.1,17.37,18.02,395300
2011-03-14,17.91,18,17.69,17.88,115700
2011-03-15,17,17.73,16.51,17.64,247400
2011-03-16,17.95,17.95,17.09,17.29,160100
2011-03-17,17.81,18.05,17.7,18.05,117100
2011-03-18,18.34,18.47,18.25,18.32,76200
2011-03-21,18.6,18.78,18.45,18.56,147900
2011-03-22,18.64,18.64,18.29,18.36,176800
2011-03-23,18.55,19.13,18.5,18.99,177300
2011-03-24,19.22,19.35,19.1,19.18,133800
2011-03-25,19.27,19.31,18.95,18.95,100500
2011-03-28,18.87,19.08,18.78,18.87,101400
2011-03-29,18.9,18.96,18.71,18.92,51200
2011-03-30,19.25,19.3,19.12,19.21,659300
2011-03-31,19.17,19.48,19.17,19.4,60900
2011-04-01,19.51,19.69,19.36,19.57,83300
2011-04-04,19.97,20.35,19.97,20.27,468800
2011-04-05,20.17,20.65,20.17,20.63,166300
2011-04-06,20.82,20.98,20.71,20.74,487800
2011-04-07,20.66,20.89,20.43,20.63,297500
2011-04-08,20.92,20.96,20.66,20.71,114200
2011-04-11,20.75,20.78,20.33,20.44,134300
2011-04-12,19.99,20.09,19.6,19.79,212100
2011-04-13,19.95,20.11,19.53,19.57,136500
2011-04-14,19.44,19.59,19.36,19.52,137600
2011-04-15,19.49,19.5,19.27,19.38,75800
2011-04-18,19.23,19.23,18.55,18.77,140100
2011-04-19,18.92,19.17,18.89,19.17,64300
2011-04-20,19.9,19.9,19.66,19.75,196400
2011-04-21,19.98,20.15,19.97,20.07,116600
2011-04-25,20.2,20.37,20.01,20.26,114100
2011-04-26,20.15,20.27,20.03,20.14,65200
2011-04-27,20.2,20.2,19.78,20.14,113900
2011-04-28,20.18,20.2,20.04,20.14,61900
2011-04-29,20.1,20.44,20.1,20.35,71000
2011-05-02,20.33,20.44,20.11,20.22,81000
2011-05-03,20,20.07,19.48,19.67,163000
2011-05-04,19.62,19.62,19.1,19.28,192000
2011-05-05,19.02,19.06,18.58,18.67,147800
2011-05-06,18.88,19.21,18.73,18.84,120900
2011-05-09,19.04,19.27,18.87,19.26,72000
2011-05-10,19.41,19.41,19.17,19.24,56200
2011-05-11,19.07,19.14,18.46,18.5,214500
2011-05-12,18.32,18.53,18.1,18.44,153000
2011-05-13,18.55,18.69,18.21,18.34,96700
2011-05-16,18.18,18.59,18.18,18.33,41300
2011-05-17,18.3,18.49,18.1,18.43,42000
2011-05-18,18.45,19.06,18.45,19,322800
2011-05-19,19.02,19.02,18.78,18.88,24800
2011-05-20,18.93,18.95,18.51,18.88,56600
2011-05-23,18.34,18.5,18.26,18.43,159700
2011-05-24,18.65,18.75,18.45,18.53,111300
2011-05-25,18.6,18.91,18.6,18.85,40600
2011-05-26,18.8,18.86,18.6,18.84,106700
2011-05-27,19,19.29,19,19.06,75200
2011-05-31,19.49,19.56,19.22,19.34,66000
2011-06-01,19.18,19.33,18.77,18.8,60900
2011-06-02,18.77,18.96,18.62,18.83,85200
2011-06-03,18.33,18.83,18.32,18.68,113400
2011-06-06,18.58,18.6,18.15,18.15,86800
2011-06-07,18.43,18.59,18.26,18.33,59500
2011-06-08,18.16,18.16,17.8,17.92,87800
2011-06-09,18.1,18.31,17.9,18.3,36700
2011-06-10,18.06,18.1,17.7,17.75,65100
2011-06-13,17.76,17.92,17.51,17.74,59600
2011-06-14,18.05,18.28,17.95,18.17,46500
2011-06-15,18.05,18.05,17.37,17.48,236600
2011-06-16,17.3,17.35,16.9,17.09,198400
2011-06-17,17.57,17.57,17.22,17.31,68800
2011-06-20,17.12,17.32,17.11,17.3,111500
2011-06-21,17.64,17.92,17.61,17.88,46800
2011-06-22,17.77,18,17.75,17.75,19100
2011-06-23,17.36,17.59,17.1,17.58,74200
2011-06-24,17.79,17.79,17.39,17.42,46600
2011-06-27,17.32,17.5,17.22,17.47,35100
2011-06-28,17.54,17.99,17.54,17.97,33900
2011-06-29,18.25,18.69,18.15,18.66,86500
2011-06-30,18.89,19.12,18.8,19.1,56600
2011-07-01,19.05,19.25,18.97,19.22,36100
2011-07-05,19.4,19.5,19.35,19.38,60700
2011-07-06,19.25,19.3,19.02,19.23,38500
2011-07-07,19.61,19.72,19.53,19.64,296400
2011-07-08,19.33,19.55,19.24,19.55,76800
2011-07-11,19.1,19.13,18.73,18.78,74400
2011-07-12,18.64,19.02,18.56,18.78,78300
2011-07-13,19.09,19.6,19.07,19.43,98600
2011-07-14,19.67,19.68,19.11,19.17,326300
2011-07-15,19.36,19.43,19.17,19.42,36100
2011-07-18,19.3,19.3,18.97,19.13,100200
2011-07-19,19.66,19.67,19.54,19.62,106800
2011-07-20,19.65,19.94,19.57,19.94,554600
2011-07-21,19.79,20,19.73,19.91,106800
2011-07-22,19.84,19.98,19.77,19.94,53400
2011-07-25,19.75,19.99,19.62,19.86,43400
2011-07-26,19.97,20.08,19.83,19.98,64600
2011-07-27,19.97,19.98,19.43,19.5,76500
2011-07-28,19.42,19.69,19.4,19.52,150200
2011-07-29,19.24,19.47,19.07,19.41,55900
2011-08-01,19.76,19.76,19.12,19.3,45500
2011-08-02,19.04,19.14,18.52,18.57,148700
2011-08-03,18.67,18.67,18.03,18.22,1137100
2011-08-04,17.79,17.8,16.53,16.56,348600
2011-08-05,17.05,17.05,15.71,16.29,563600
2011-08-08,15.5,15.51,14.64,14.69,185600
2011-08-09,15.37,15.79,14.91,15.79,258000
2011-08-10,15.56,15.63,15.08,15.18,95800
2011-08-11,15.44,16.24,15.27,16.12,599500
2011-08-12,16.41,16.43,16.11,16.15,87900
2011-08-15,16.53,16.76,16.53,16.72,45800
2011-08-16,16.53,16.53,16.13,16.18,45600
2011-08-17,16.5,16.76,16.44,16.48,36400
2011-08-18,15.96,15.96,15.38,15.58,85000
2011-08-19,15.22,15.77,15.15,15.15,24500
2011-08-22,15.45,15.64,14.98,14.99,63700
2011-08-23,15.16,15.75,15.05,15.75,43400
2011-08-24,15.75,15.81,15.35,15.7,45900
2011-08-25,15.9,15.9,15.48,15.55,38200
2011-08-26,15.41,15.95,15.18,15.95,25100
2011-08-29,16.19,16.58,16.19,16.57,32200
2011-08-30,16.42,16.69,16.27,16.59,291500
2011-08-31,16.97,17.17,16.87,17.03,120000
2011-09-01,17.07,17.13,16.77,16.78,47700
2011-09-02,16.51,16.51,16.17,16.25,30100
2011-09-06,15.8,15.9,15.45,15.89,47800
2011-09-07,16.15,16.51,16.13,16.51,34600
2011-09-08,16.39,16.6,16.23,16.24,40000
2011-09-09,15.96,15.96,15.48,15.61,54600
2011-09-12,15.24,15.25,14.84,15.19,29500
2011-09-13,15.28,15.4,15.14,15.4,47500
2011-09-14,15.5,15.5,15.06,15.29,35200
2011-09-15,15.62,15.78,15.46,15.64,28600
2011-09-16,15.73,15.76,15.52,15.63,42100
2011-09-19,15.09,15.25,14.67,14.75,41700
2011-09-20,14.88,14.88,14.35,14.35,70300
2011-09-21,14.34,14.34,13.39,13.4,144800
2011-09-22,12.52,12.7,11.92,12.05,89700
2011-09-23,12.05,12.15,11.87,12.07,232300
2011-09-26,12.02,12.19,11.61,12.13,110700
2011-09-27,12.97,13.29,12.81,12.81,199800
2011-09-28,12.79,12.88,12.08,12.1,58800
2011-09-29,12.42,12.5,11.86,12.01,61200
2011-09-30,11.69,11.81,11.52,11.57,78000
2011-10-03,11.31,11.42,10.84,10.84,206400
2011-10-04,10.64,11.25,10.3,11.24,174100
2011-10-05,11.37,11.92,11.25,11.88,94500
2011-10-06,12.18,12.74,12.18,12.64,167000
2011-10-07,12.96,13.15,12.5,12.53,228600
2011-10-10,12.86,13.16,12.86,13.09,99400
2011-10-11,12.96,13.16,12.89,13.15,39400
2011-10-12,13.57,13.97,13.55,13.66,134000
2011-10-13,13.54,13.54,13.17,13.45,50600
2011-10-14,13.93,13.98,13.67,13.91,44600
2011-10-17,13.91,13.91,13.17,13.2,92000
2011-10-18,13.06,13.66,12.8,13.62,60600
2011-10-19,13.62,13.62,12.95,13.01,62600
2011-10-20,12.89,13.03,12.55,12.85,46700
2011-10-21,13.36,13.48,13.26,13.41,56100
2011-10-24,13.83,14.37,13.83,14.34,157100
2011-10-25,14.26,14.26,13.88,13.88,52300
2011-10-26,14.2,14.42,13.92,14.35,142500
2011-10-27,15.32,15.73,15.2,15.59,145200
2011-10-28,15.33,15.75,15.18,15.75,55400
2011-10-31,14.81,15.1,14.79,14.79,95800
2011-11-01,13.82,14.26,13.55,14.02,95700
2011-11-02,14.41,14.76,14.41,14.57,152000
2011-11-03,14.87,15.08,14.51,15.05,48700
2011-11-04,14.88,15.05,14.68,14.98,23500
2011-11-07,15,15.08,14.71,14.98,21100
2011-11-08,15.27,15.28,15.03,15.28,42300
2011-11-09,14.67,14.76,14.17,14.19,63700
2011-11-10,14.43,14.49,14.01,14.2,25900
2011-11-11,14.39,14.64,14.39,14.58,48200
2011-11-14,14.46,14.55,14.2,14.34,31700
2011-11-15,14.31,14.44,14.17,14.37,19700
2011-11-16,14.1,14.3,13.92,13.92,31800
2011-11-17,13.83,13.93,13.32,13.39,23800
2011-11-18,13.5,13.57,13.25,13.31,18800
2011-11-21,12.94,12.94,12.54,12.68,149500
2011-11-22,12.8,12.88,12.62,12.78,38200
2011-11-23,12.54,12.54,12.17,12.25,54900
2011-11-25,12.18,12.42,12.18,12.29,25300
2011-11-28,12.98,13.16,12.85,12.93,136900
2011-11-29,12.99,13.23,12.89,13.22,72400
2011-11-30,13.99,14.21,13.99,14.14,176800
2011-12-01,14.17,14.38,13.98,14.14,35100
2011-12-02,14.35,14.41,14.01,14.01,38500
2011-12-05,14.3,14.62,14.28,14.32,87500
2011-12-06,14.37,14.94,14.37,14.82,40200
2011-12-07,14.76,14.98,14.65,14.9,64700
2011-12-08,14.8,14.8,14.25,14.28,21900
2011-12-09,14.31,14.75,14.31,14.66,229800
2011-12-12,14.35,14.35,13.94,14.04,40700
2011-12-13,14.08,14.23,13.52,13.62,91900
2011-12-14,13.5,13.5,13.11,13.21,45300
2011-12-15,13.41,13.49,13.11,13.18,98900
2011-12-16,13.41,13.47,13.26,13.34,40600
2011-12-19,13.3,13.36,13.05,13.07,10600
2011-12-20,13.36,13.64,13.36,13.61,23600
2011-12-21,13.61,13.7,13.53,13.7,13000
2011-12-22,13.72,13.9,13.72,13.87,18400
2011-12-23,14.1,14.1,13.89,14,24000
2011-12-27,13.87,13.98,13.79,13.84,52500
2011-12-28,13.04,13.07,12.47,12.53,69500
2011-12-29,12.45,12.79,12.45,12.79,90100
2011-12-30,12.71,12.89,12.71,12.84,97300
2012-01-03,13.4,13.6,13.35,13.51,375700
2012-01-04,13.59,13.61,13.41,13.61,31200
2012-01-05,13.4,13.46,13.31,13.45,20600
2012-01-06,13.41,13.41,13.27,13.32,13300
2012-01-09,13.34,13.34,13.2,13.25,27800
2012-01-10,13.59,13.77,13.55,13.67,93100
2012-01-11,13.68,13.74,13.59,13.67,30200
2012-01-12,13.89,14.03,13.85,14.03,34000
2012-01-13,13.8,13.92,13.61,13.91,16100
2012-01-17,14.27,14.4,14.13,14.15,77500
2012-01-18,14.27,14.61,14.23,14.57,53600
2012-01-19,14.75,14.78,14.67,14.73,39800
2012-01-20,14.7,14.7,14.56,14.67,27800
2012-01-23,14.82,14.88,14.68,14.8,28500
2012-01-24,14.63,14.66,14.5,14.65,20400
2012-01-25,14.56,15.08,14.47,15.08,34100
2012-01-26,15.3,15.6,15.15,15.19,47100
2012-01-27,15.17,15.26,15.13,15.22,18700
2012-01-30,14.89,14.89,14.62,14.79,43300
2012-01-31,14.99,15.13,14.79,14.96,122400
2012-02-01,15.21,15.35,15.13,15.28,28400
2012-02-02,15.36,15.6,15.36,15.46,57800
2012-02-03,15.68,15.82,15.62,15.78,68100
2012-02-06,15.57,15.66,15.47,15.59,67500
2012-02-07,15.41,15.47,15.22,15.28,48100
2012-02-08,15.46,15.56,15.27,15.3,88600
2012-02-09,15.35,15.48,15.32,15.47,57700
2012-02-10,15.18,15.18,14.95,14.98,24000
2012-02-13,15.2,15.31,15.07,15.09,57700
2012-02-14,15.02,15.02,14.67,14.8,74300
2012-02-15,14.89,14.89,14.69,14.72,40600
2012-02-16,14.63,14.93,14.52,14.88,66600
2012-02-17,15.04,15.04,14.82,14.88,10400
2012-02-21,15.05,15.3,15.03,15.21,53600
2012-02-22,15.11,15.17,15.07,15.17,32800
2012-02-23,15.2,15.27,15.07,15.25,12800
2012-02-24,15.3,15.43,15.3,15.38,49500
2012-02-27,15.13,15.27,15.07,15.18,33400
2012-02-28,15.2,15.35,15.2,15.35,29200
2012-02-29,15.48,15.5,15.11,15.17,60900
2012-03-01,15.38,15.38,15.26,15.28,7200
2012-03-02,15.23,15.23,15,15.02,10700
2012-03-05,15,15,14.47,14.48,144900
2012-03-06,14.16,14.16,13.8,13.91,62100
2012-03-07,13.97,14.09,13.93,14.06,29200
2012-03-08,14.32,14.47,14.26,14.44,30100
2012-03-09,14.5,14.63,14.46,14.48,100800
2012-03-12,14.51,14.61,14.19,14.23,11700
2012-03-13,14.42,14.55,14.39,14.54,37400
2012-03-14,14.48,14.48,14.17,14.2,25000
2012-03-15,14.17,14.31,14.17,14.26,30700
2012-03-16,14.3,14.39,14.3,14.33,19000
2012-03-19,14.34,14.52,14.32,14.46,17800
2012-03-20,14.19,14.19,13.91,14.12,34300
2012-03-21,14.26,14.26,14,14.06,5700
2012-03-22,13.81,13.82,13.63,13.68,21600
2012-03-23,13.72,13.89,13.68,13.86,7800
2012-03-26,14.04,14.15,13.96,14.02,22300
2012-03-27,14.16,14.16,13.98,13.99,12100
2012-03-28,13.95,13.95,13.42,13.54,43800
2012-03-29,13.39,13.5,13.23,13.5,10000
2012-03-30,13.66,13.72,13.56,13.64,23900
2012-04-02,13.62,13.95,13.62,13.93,27000
2012-04-03,13.89,13.89,13.62,13.72,4900
2012-04-04,13.42,13.42,13.26,13.32,19400
2012-04-05,13.35,13.66,13.35,13.45,24200
2012-04-09,13.15,13.29,13.09,13.23,28600
2012-04-10,13.12,13.24,12.89,13.03,62400
2012-04-11,13.32,13.32,13.15,13.15,9200
2012-04-12,13.33,13.76,13.32,13.72,39500
2012-04-13,13.65,13.65,13.37,13.44,8900
2012-04-16,13.53,13.53,13.18,13.28,12300
2012-04-17,13.46,13.61,13.46,13.53,10400
2012-04-18,13.61,13.61,13.45,13.54,23500
2012-04-19,13.58,13.69,13.45,13.51,37700
2012-04-20,13.67,13.72,13.6,13.61,6700
2012-04-23,13.27,13.27,13,13.17,9000
2012-04-24,13.22,13.29,13.21,13.23,13800
2012-04-25,13.39,13.55,13.37,13.51,54600
2012-04-26,13.54,13.7,13.54,13.61,19400
2012-04-27,13.77,13.87,13.72,13.8,53800
2012-04-30,13.75,13.75,13.53,13.63,11000
2012-05-01,13.64,13.89,13.63,13.76,12700
2012-05-02,13.5,13.6,13.5,13.56,7500
2012-05-03,13.49,13.49,13.24,13.27,18000
2012-05-04,13.1,13.1,12.8,12.84,41600
2012-05-07,12.73,12.77,12.6,12.73,23000
2012-05-08,12.56,12.56,12.15,12.36,45400
2012-05-09,12.15,12.3,11.94,12.17,41100
2012-05-10,12.3,12.41,12.2,12.2,8800
2012-05-11,12.01,12.19,12.01,12.06,25000
2012-05-14,11.9,11.9,11.56,11.58,67500
2012-05-15,11.48,11.5,11.13,11.13,24000
2012-05-16,11.24,11.47,11.16,11.16,37200
2012-05-17,11.09,11.16,10.92,11,11900
2012-05-18,11.11,11.13,10.92,10.92,33900
2012-05-21,11.05,11.27,11.05,11.25,15500
2012-05-22,11.3,11.45,11.14,11.14,59200
2012-05-23,10.94,11.16,10.72,11.12,34000
2012-05-24,11.06,11.16,10.96,11.09,10500
2012-05-25,10.99,11.06,10.92,10.97,13000
2012-05-29,11.24,11.46,11.24,11.37,13200
2012-05-30,11.04,11.05,11,11,15400
2012-05-31,10.97,10.97,10.7,10.87,24900
2012-06-01,10.67,10.7,10.6,10.64,10800
2012-06-04,10.57,10.64,10.5,10.64,5300
2012-06-05,10.73,10.85,10.73,10.84,16800
2012-06-06,11.08,11.36,11.08,11.32,22400
2012-06-07,11.62,11.76,11.31,11.31,18700
2012-06-08,11.13,11.24,11.01,11.24,11900
2012-06-11,11.42,11.54,10.95,10.96,27100
2012-06-12,11.06,11.13,11.02,11.02,7300
2012-06-13,10.93,11.13,10.93,10.97,11400
2012-06-14,10.93,11.11,10.93,11.06,20900
2012-06-15,11.16,11.26,11.14,11.24,7200
2012-06-18,11.23,11.43,10.97,11.4,34000
2012-06-19,11.49,11.82,11.49,11.73,48800
2012-06-20,11.8,11.8,11.57,11.57,37000
2012-06-21,11.56,11.56,11,11.01,16500
2012-06-22,11.17,11.17,10.96,11.05,14400
2012-06-25,10.91,10.91,10.64,10.73,19500
2012-06-26,10.72,10.77,10.57,10.71,16500
2012-06-27,10.78,10.78,10.72,10.72,6300
2012-06-28,10.63,10.63,10.42,10.52,19600
2012-06-29,10.97,11.15,10.97,11.14,17100
2012-07-02,11.02,11.18,11.02,11.09,5400
2012-07-03,11.23,11.53,11.23,11.53,16700
2012-07-05,11.4,11.6,11.4,11.54,16800
2012-07-06,11.11,11.25,11.1,11.18,15300
2012-07-09,11.11,11.19,10.96,11.02,9800
2012-07-10,10.96,11.03,10.75,10.8,19300
2012-07-11,10.79,10.8,10.7,10.77,8300
2012-07-12,10.68,10.68,10.35,10.51,53000
2012-07-13,10.7,10.86,10.69,10.84,20000
2012-07-16,10.76,10.78,10.66,10.77,15600
2012-07-17,10.77,10.78,10.56,10.7,27400
2012-07-18,10.65,10.87,10.65,10.82,8300
2012-07-19,10.95,11.13,10.95,11.13,32100
2012-07-20,10.99,10.99,10.86,10.89,13600
2012-07-23,10.54,10.55,10.36,10.51,46000
2012-07-24,10.51,10.53,10.3,10.38,21100
2012-07-25,10.53,10.62,10.34,10.39,30300
2012-07-26,10.61,10.75,10.59,10.72,22800
2012-07-27,10.8,11.12,10.8,11.07,36000
2012-07-30,11.12,11.15,11.04,11.08,13500
2012-07-31,11.11,11.11,10.96,10.97,10500
2012-08-01,11.11,11.11,11,11,4400
2012-08-02,10.68,11.02,10.68,10.81,37100
2012-08-03,11.13,11.26,11.1,11.19,18200
2012-08-06,11.17,11.44,11.17,11.38,34700
2012-08-07,11.52,11.57,11.5,11.51,20700
2012-08-08,11.47,11.67,11.47,11.6,31700
2012-08-09,11.6,11.7,11.47,11.68,30900
2012-08-10,11.55,11.77,11.55,11.77,29200
2012-08-13,11.71,11.71,11.53,11.55,29700
2012-08-14,11.58,11.61,11.42,11.44,6800
2012-08-15,11.31,11.36,11.28,11.34,4900
2012-08-16,11.43,11.62,11.38,11.61,21100
2012-08-17,11.6,11.69,11.59,11.69,7500
2012-08-20,11.56,11.63,11.54,11.59,16800
2012-08-21,11.7,11.94,11.57,11.73,78600
2012-08-22,11.58,11.76,11.55,11.76,21000
2012-08-23,11.85,11.85,11.7,11.72,24000
2012-08-24,11.57,11.7,11.51,11.7,24300
2012-08-27,11.65,11.72,11.6,11.6,16100
2012-08-28,11.66,11.67,11.6,11.61,9400
2012-08-29,11.51,11.51,11.36,11.39,14100
2012-08-30,11.33,11.33,11.1,11.13,24300
2012-08-31,11.35,11.42,11.23,11.4,11100
2012-09-04,11.44,11.44,11.31,11.41,6500
2012-09-05,11.45,11.45,11.3,11.31,17800
2012-09-06,11.5,11.77,11.5,11.75,41700
2012-09-07,12.12,12.54,12.12,12.54,61400
2012-09-10,12.5,12.66,12.45,12.46,55600
2012-09-11,12.5,12.62,12.5,12.53,10200
2012-09-12,12.6,12.75,12.52,12.63,16500
2012-09-13,12.66,13.04,12.4,13.03,41200
2012-09-14,13.34,13.75,13.31,13.56,106100
2012-09-17,13.6,13.6,13.21,13.21,35800
2012-09-18,13.12,13.26,13.03,13.15,27900
2012-09-19,13.21,13.34,13.21,13.34,18300
2012-09-20,13.1,13.1,12.84,13.03,32800
2012-09-21,13.27,13.35,12.98,12.98,16300
2012-09-24,12.9,12.92,12.77,12.84,25300
2012-09-25,12.78,12.88,12.6,12.61,37600
2012-09-26,12.51,12.56,12.31,12.43,42800
2012-09-27,12.47,12.77,12.47,12.76,29400
2012-09-28,12.71,12.73,12.6,12.66,11900
2012-10-01,12.84,12.98,12.73,12.76,7900
2012-10-02,12.74,12.74,12.67,12.72,13300
2012-10-03,12.82,12.82,12.68,12.73,3400
2012-10-04,12.87,12.88,12.67,12.84,39100
2012-10-05,12.92,13.1,12.9,12.96,19400
2012-10-08,12.76,12.9,12.76,12.84,16100
2012-10-09,12.83,12.91,12.73,12.74,12100
2012-10-10,12.65,12.65,12.61,12.63,2400
2012-10-11,12.76,12.9,12.76,12.82,8000
2012-10-12,12.78,12.82,12.71,12.71,10900
2012-10-15,12.67,12.72,12.61,12.7,7500
2012-10-16,12.84,12.95,12.84,12.94,14000
2012-10-17,13.16,13.26,13.1,13.26,20800
2012-10-18,13.18,13.34,13.18,13.28,11600
2012-10-19,13.37,13.37,13.02,13.08,38100
2012-10-22,13.1,13.24,13.08,13.08,17700
2012-10-23,13,13,12.74,12.85,11300
2012-10-24,13,13,12.9,12.91,11600
2012-10-25,12.93,12.96,12.91,12.94,3300
2012-10-26,12.95,12.96,12.84,12.9,6300
2012-10-31,12.76,12.97,12.7,12.93,8800
2012-11-01,13,13.16,13,13.16,9300
2012-11-02,13.22,13.26,13.12,13.19,11300
2012-11-05,13.01,13.31,13.01,13.3,10200
2012-11-06,13.32,13.47,13.27,13.44,42000
2012-11-07,13.35,13.35,13.01,13.1,20500
2012-11-08,13.1,13.1,12.87,12.9,20300
2012-11-09,12.79,12.95,12.79,12.86,18300
2012-11-12,12.85,12.87,12.82,12.83,7000
2012-11-13,12.74,12.75,12.52,12.54,25400
2012-11-14,12.5,12.5,12.17,12.17,38900
2012-11-15,12.16,12.23,12.08,12.12,10700
2012-11-16,12.08,12.18,12,12.15,24400
2012-11-19,12.41,12.51,12.4,12.46,28300
2012-11-20,12.33,12.49,12.33,12.43,16400
2012-11-21,12.37,12.47,12.32,12.45,11700
2012-11-23,12.39,12.77,12.39,12.76,7000
2012-11-26,12.68,12.73,12.61,12.71,10200
2012-11-27,12.62,12.73,12.61,12.61,14300
2012-11-28,12.41,12.81,12.38,12.81,6100
2012-11-29,12.95,13.12,12.89,12.97,49100
2012-11-30,13.04,13.04,12.9,12.92,8900
2012-12-03,13,13.02,12.91,12.99,172700
2012-12-04,12.95,12.95,12.88,12.9,48500
2012-12-05,12.93,13.03,12.85,12.99,11400
2012-12-06,13.05,13.05,12.89,12.95,43400
2012-12-07,12.97,13,12.92,12.94,6600
2012-12-10,12.95,13.2,12.95,13.2,29600
2012-12-11,13.16,13.3,13.16,13.22,12600
2012-12-12,13.44,13.44,13.25,13.31,36200
2012-12-13,13.15,13.27,13.15,13.17,18700
2012-12-14,13.17,13.41,13.17,13.41,10100
2012-12-17,13.52,13.52,13.35,13.43,23600
2012-12-18,13.53,13.57,13.41,13.41,14700
2012-12-19,13.49,13.49,13.42,13.48,11300
2012-12-20,13.55,13.55,13.31,13.39,11600
2012-12-21,13.2,13.22,13.15,13.16,17500
2012-12-24,13.09,13.18,13.01,13.15,6600
2012-12-26,13.11,13.33,13.11,13.13,10400
2012-12-27,12.84,12.91,12.69,12.79,34400
2012-12-28,12.7,12.86,12.67,12.75,37300
2012-12-31,12.75,13.1,12.75,13.02,11800
2013-01-02,13.39,14.5,13.39,13.59,126400
2013-01-03,13.46,13.69,13.45,13.51,112200
2013-01-04,13.6,13.62,13.47,13.61,47400
2013-01-07,13.6,13.75,13.52,13.75,30600
2013-01-08,13.8,13.8,13.57,13.62,171800
2013-01-09,13.76,13.82,13.66,13.71,35500
2013-01-10,13.82,13.92,13.77,13.92,26300
2013-01-11,13.89,13.89,13.77,13.78,11300
2013-01-14,13.89,13.89,13.68,13.71,18400
2013-01-15,13.72,13.72,13.61,13.67,29700
2013-01-16,13.6,13.6,13.48,13.48,25700
2013-01-17,13.5,13.59,13.5,13.55,38800
2013-01-18,13.49,13.58,13.48,13.5,12600
2013-01-22,13.57,13.57,13.45,13.53,11300
2013-01-23,13.59,13.59,13.47,13.49,17500
2013-01-24,13.43,13.46,13.33,13.35,72300
2013-01-25,13.3,13.3,13.18,13.22,38300
2013-01-28,13.17,13.18,13.05,13.06,28500
2013-01-29,13.04,13.2,13.04,13.18,12400
2013-01-30,13.27,13.27,13.06,13.08,9800
2013-01-31,13.01,13.12,13.01,13.11,13100
2013-02-01,13.2,13.32,13.2,13.31,35400
2013-02-04,13.23,13.23,13.04,13.08,54600
2013-02-05,13.09,13.2,13.09,13.16,27400
2013-02-06,13.12,13.24,13.12,13.21,26400
2013-02-07,13.28,13.28,13.03,13.11,14000
2013-02-08,13.16,13.19,13.1,13.19,13900
2013-02-11,13.15,13.15,13,13.05,10700
2013-02-12,13.05,13.07,12.97,13.02,20500
2013-02-13,13,13.17,13,13.05,30000
2013-02-14,13.01,13.07,12.97,13,6000
2013-02-15,12.97,13.04,12.84,12.9,14500
2013-02-19,12.94,12.94,12.66,12.67,17600
2013-02-20,12.65,12.65,12.23,12.23,33900
2013-02-21,12.13,12.14,11.9,11.95,34100
2013-02-22,11.96,12.14,11.96,12.09,109800
2013-02-25,12.2,12.27,11.88,11.91,238800
2013-02-26,11.88,11.94,11.84,11.94,12800
2013-02-27,11.84,12.07,11.82,12.03,17200
2013-02-28,11.91,11.97,11.88,11.91,14400
2013-03-01,11.8,11.8,11.63,11.77,13400
2013-03-04,11.67,11.67,11.47,11.53,24200
2013-03-05,11.75,11.77,11.64,11.64,40100
2013-03-06,11.76,11.79,11.66,11.79,44900
2013-03-07,11.67,11.87,11.67,11.83,41000
2013-03-08,11.96,11.98,11.87,11.91,13000
2013-03-11,11.98,11.98,11.84,11.89,22200
2013-03-12,11.88,12.06,11.88,12.01,13400
2013-03-13,12.03,12.03,11.82,11.85,39000
2013-03-14,11.84,11.96,11.8,11.92,58900
2013-03-15,12.09,12.09,11.89,11.97,15000
2013-03-18,11.88,11.88,11.75,11.79,17000
2013-03-19,11.75,11.77,11.47,11.53,37300
2013-03-20,11.66,11.66,11.56,11.63,5700
2013-03-21,11.48,11.58,11.46,11.51,40300
2013-03-22,11.59,11.61,11.52,11.56,12700
2013-03-25,11.65,11.65,11.29,11.34,24500
2013-03-26,11.33,11.35,11.26,11.35,12100
2013-03-27,11.34,11.36,11.23,11.35,25500
2013-03-28,11.33,11.44,11.33,11.44,26600
2013-04-01,11.5,11.5,11.19,11.19,94300
2013-04-02,11.17,11.22,11.04,11.04,47500
2013-04-03,11.07,11.07,10.75,10.76,38700
2013-04-04,10.77,10.95,10.77,10.9,8600
2013-04-05,10.8,11.03,10.72,11,122900
2013-04-08,11,11.07,11,11.03,8800
2013-04-09,11.07,11.45,11.07,11.4,69400
2013-04-10,11.43,11.54,11.35,11.35,90400
2013-04-11,11.42,11.42,11.3,11.32,6400
2013-04-12,11.26,11.26,11.04,11.11,26800
2013-04-15,10.83,10.83,10.12,10.14,155700
2013-04-16,10.29,10.52,10.29,10.38,63900
2013-04-17,10.15,10.15,9.76,9.77,151800
2013-04-18,9.77,9.93,9.71,9.83,59900
2013-04-19,10.03,10.15,9.98,10.15,63600
2013-04-22,10.2,10.2,9.9,9.98,66600
2013-04-23,10,10.02,9.88,9.91,63800
2013-04-24,10.14,10.37,10.14,10.35,44000
2013-04-25,10.5,10.77,10.5,10.69,43800
2013-04-26,10.61,10.61,10.45,10.47,50400
2013-04-29,10.4,10.54,10.4,10.47,29600
2013-04-30,10.4,10.57,10.31,10.57,11600
2013-05-01,10.38,10.46,10.3,10.41,25200
2013-05-02,10.36,10.49,10.33,10.47,80300
2013-05-03,10.65,10.93,10.65,10.89,84200
2013-05-06,10.85,10.93,10.78,10.92,83800
2013-05-07,10.82,11.04,10.79,10.86,45800
2013-05-08,10.8,11.05,10.79,11.02,19300
2013-05-09,11.09,11.09,10.91,10.94,20900
2013-05-10,10.85,10.97,10.77,10.96,23300
2013-05-13,10.89,10.89,10.82,10.85,9900
2013-05-14,10.79,10.79,10.6,10.67,96300
2013-05-15,10.51,10.6,10.4,10.48,26500
2013-05-16,10.47,10.55,10.36,10.44,8700
2013-05-17,10.43,10.45,10.35,10.4,44200
2013-05-20,10.42,10.52,10.36,10.47,34200
2013-05-21,10.44,10.57,10.44,10.54,37800
2013-05-22,10.5,10.75,10.5,10.5,62800
2013-05-23,10.39,10.41,10.26,10.38,35800
2013-05-24,10.29,10.33,10.28,10.32,41200
2013-05-28,10.46,10.46,10.3,10.3,25000
2013-05-29,10.25,10.3,10.15,10.3,50700
2013-05-30,10.34,10.55,10.34,10.52,44100
2013-05-31,10.39,10.39,10.24,10.24,71800
2013-06-03,10.33,10.4,10.3,10.38,6600
2013-06-04,10.36,10.38,10.29,10.33,9500
2013-06-05,10.28,10.28,10.19,10.23,25300
2013-06-06,10.25,10.25,10.17,10.23,11500
2013-06-07,10.26,10.26,10.15,10.17,14700
2013-06-10,10.16,10.16,9.97,10.01,125700
2013-06-11,9.87,9.87,9.78,9.79,87000
2013-06-12,9.87,9.88,9.66,9.7,36000
2013-06-13,9.76,9.94,9.7,9.94,16800
2013-06-14,9.91,10.03,9.81,9.84,15300
2013-06-17,9.83,9.93,9.83,9.9,28900
2013-06-18,9.76,9.77,9.69,9.7,52400
2013-06-19,9.67,9.7,9.5,9.5,71100
2013-06-20,9.3,9.3,8.96,9.02,113200
2013-06-21,9.09,9.09,8.89,9.03,72900
2013-06-24,8.79,8.8,8.46,8.56,98600
2013-06-25,8.58,8.61,8.54,8.6,52700
2013-06-26,8.6,8.61,8.5,8.51,45400
2013-06-27,8.65,8.67,8.59,8.6,36500
2013-06-28,8.59,8.69,8.54,8.65,12800
2013-07-01,8.81,8.85,8.77,8.8,22600
2013-07-02,8.75,8.75,8.56,8.59,29100
2013-07-03,8.51,8.63,8.51,8.63,9100
2013-07-05,8.58,8.58,8.37,8.42,30800
2013-07-08,8.43,8.5,8.41,8.41,4800
2013-07-09,8.54,8.59,8.5,8.56,23600
2013-07-10,8.55,8.56,8.46,8.51,30500
2013-07-11,8.8,8.96,8.8,8.96,34900
2013-07-12,8.93,8.93,8.78,8.85,19000
2013-07-15,8.9,8.9,8.8,8.88,10100
2013-07-16,8.95,8.96,8.89,8.95,17900
2013-07-17,9,9.06,8.93,8.98,56400
2013-07-18,8.99,9.01,8.96,9,35000
2013-07-19,9.07,9.07,8.9,8.93,75200
2013-07-22,9.01,9.13,9.01,9.09,25300
2013-07-23,9.09,9.42,9.09,9.42,36900
2013-07-24,9.44,9.45,9.26,9.3,59300
2013-07-25,9.2,9.23,9.14,9.2,5700
2013-07-26,9.09,9.19,9.09,9.17,19400
2013-07-29,9.18,9.18,8.95,9,147700
2013-07-30,9.04,9.04,8.83,8.83,65500
2013-07-31,8.83,8.83,8.6,8.69,56400
2013-08-01,8.79,8.87,8.76,8.85,25300
2013-08-02,8.87,8.94,8.84,8.86,55500
2013-08-05,8.81,8.91,8.81,8.83,10600
2013-08-06,8.8,8.8,8.65,8.65,20500
2013-08-07,8.65,8.65,8.56,8.56,29700
2013-08-08,8.79,9.05,8.79,8.99,27800
2013-08-09,9.03,9.37,9.03,9.34,39400
2013-08-12,9.35,9.56,9.35,9.5,33600
2013-08-13,9.58,9.58,9.46,9.56,23200
2013-08-14,9.5,9.57,9.5,9.52,27200
2013-08-15,9.39,9.59,9.35,9.58,22200
2013-08-16,9.72,9.72,9.62,9.62,28900
2013-08-19,9.49,9.56,9.36,9.45,43700
2013-08-20,9.36,9.46,9.35,9.43,11300
2013-08-21,9.36,9.37,9.16,9.17,26500
2013-08-22,9.29,9.47,9.29,9.44,24300
2013-08-23,9.51,9.57,9.47,9.56,13100
2013-08-26,9.67,9.67,9.53,9.58,7800
2013-08-27,9.54,9.55,9.3,9.3,35800
2013-08-28,9.23,9.38,9.23,9.23,39200
2013-08-29,9.29,9.29,9.13,9.14,22700
2013-08-30,9.16,9.16,9.07,9.07,3400
2013-09-03,9.53,9.53,9.3,9.33,28800
2013-09-04,9.36,9.36,9.27,9.36,15000
2013-09-05,9.34,9.36,9.29,9.29,12300
2013-09-06,9.4,9.46,9.39,9.43,16200
2013-09-09,9.56,9.7,9.56,9.7,38700
2013-09-10,9.83,9.84,9.73,9.74,34700
2013-09-11,9.81,9.95,9.79,9.95,16700
2013-09-12,9.83,9.84,9.75,9.76,17000
2013-09-13,9.75,9.75,9.68,9.73,18400
2013-09-16,9.97,9.97,9.74,9.76,8300
2013-09-17,9.74,9.8,9.74,9.8,6900
2013-09-18,9.75,10.16,9.75,10.13,38900
2013-09-19,10.3,10.3,10.06,10.12,134800
2013-09-20,10.03,10.03,9.83,9.85,74400
2013-09-23,9.83,9.88,9.77,9.77,15600
2013-09-24,9.68,9.74,9.65,9.69,55500
2013-09-25,9.74,9.8,9.71,9.76,16700
2013-09-26,9.75,9.82,9.75,9.78,3600
2013-09-27,9.67,9.73,9.65,9.69,13800
2013-09-30,9.51,9.64,9.5,9.56,43500
2013-10-01,9.5,9.51,9.43,9.49,20900
2013-10-02,9.41,9.61,9.41,9.59,24800
2013-10-03,9.59,9.59,9.38,9.41,89300
2013-10-04,9.48,9.53,9.46,9.46,10900
2013-10-07,9.43,9.49,9.41,9.45,14300
2013-10-08,9.45,9.45,9.29,9.3,12400
2013-10-09,9.29,9.31,9.21,9.28,20400
2013-10-10,9.32,9.46,9.32,9.41,14400
2013-10-11,9.44,9.49,9.39,9.46,26200
2013-10-14,9.38,9.5,9.34,9.48,9700
2013-10-15,9.48,9.49,9.46,9.48,5100
2013-10-16,9.46,9.46,9.44,9.45,3500
2013-10-17,9.44,9.62,9.44,9.62,11300
2013-10-18,9.62,9.73,9.62,9.72,18200
2013-10-21,9.81,9.84,9.76,9.84,19100
2013-10-22,9.89,10.12,9.89,10.1,84100
2013-10-23,9.97,9.97,9.83,9.83,19300
2013-10-24,9.86,10.02,9.86,9.96,11000
2013-10-25,9.93,10,9.91,9.97,19000
2013-10-28,10,10.01,9.93,9.93,6800
2013-10-29,9.91,9.95,9.81,9.86,35900
2013-10-30,9.99,9.99,9.85,9.86,19700
2013-10-31,9.81,9.85,9.75,9.75,17300
2013-11-01,9.79,9.79,9.53,9.59,38100
2013-11-04,9.62,9.7,9.62,9.68,11700
2013-11-05,9.69,9.79,9.66,9.77,70400
2013-11-06,9.78,9.88,9.78,9.84,12800
2013-11-07,9.82,9.82,9.56,9.56,10700
2013-11-08,9.54,9.55,9.38,9.5,13300
2013-11-11,9.41,9.45,9.38,9.4,20900
2013-11-12,9.35,9.37,9.3,9.32,15600
2013-11-13,9.25,9.25,9.11,9.23,24500
2013-11-14,9.19,9.29,9.1,9.28,13600
2013-11-15,9.27,9.29,9.26,9.27,4700
2013-11-18,9.29,9.31,9.24,9.24,20300
2013-11-19,9.24,9.24,9.16,9.16,7700
2013-11-20,9.22,9.22,9.12,9.12,9100
2013-11-21,9.13,9.13,9.02,9.08,19100
2013-11-22,9.11,9.12,9.04,9.08,7700
2013-11-25,9.03,9.06,9,9.04,15100
2013-11-26,8.97,9,8.82,8.92,52800
2013-11-27,8.96,8.96,8.84,8.89,35500
2013-11-29,8.89,8.99,8.89,8.92,9600
2013-12-02,8.92,8.92,8.73,8.74,43300
2013-12-03,8.68,8.72,8.6,8.72,17800
2013-12-04,8.73,8.74,8.64,8.72,20400
2013-12-05,8.73,8.81,8.73,8.78,13100
2013-12-06,8.79,8.91,8.79,8.86,16700
2013-12-09,8.87,8.9,8.81,8.89,20000
2013-12-10,8.9,8.9,8.84,8.86,11900
2013-12-11,8.8,8.8,8.6,8.63,65200
2013-12-12,8.6,8.61,8.55,8.61,11100
2013-12-13,8.69,8.7,8.62,8.69,29800
2013-12-16,8.69,8.78,8.69,8.75,65300
2013-12-17,8.75,8.75,8.64,8.67,38200
2013-12-18,8.69,8.79,8.65,8.74,49100
2013-12-19,8.66,8.79,8.61,8.76,73400
2013-12-20,8.78,8.98,8.78,8.97,60600
2013-12-23,9.11,9.11,8.91,8.97,56400
2013-12-24,8.93,9.15,8.93,9.11,40000
2013-12-26,9.17,9.17,9.05,9.13,35000
2013-12-27,9.05,9.2,9.03,9.2,45700
2013-12-30,9.24,9.3,9.21,9.25,43800
2013-12-31,9.28,9.38,9.28,9.37,58200
2014-01-02,9.42,9.49,9.3,9.33,69700
2014-01-03,9.37,9.37,9.23,9.25,24200
2014-01-06,9.25,9.25,9.09,9.13,59300
2014-01-07,9.12,9.15,9.05,9.07,20300
2014-01-08,9.08,9.1,9.05,9.05,9600
2014-01-09,9.01,9.01,8.88,8.88,39500
2014-01-10,8.87,9,8.87,9,18700
2014-01-13,9.04,9.08,8.99,9.03,28900
2014-01-14,9,9.1,9,9.05,18600
2014-01-15,9.09,9.27,9.09,9.25,28100
2014-01-16,9.29,9.47,9.29,9.47,11800
2014-01-17,9.47,9.54,9.41,9.47,75500
2014-01-21,9.41,9.53,9.38,9.49,34000
2014-01-22,9.51,9.51,9.35,9.35,16000
2014-01-23,9.23,9.26,9.15,9.18,18700
2014-01-24,9.02,9.26,8.87,8.92,76000
2014-01-27,8.94,8.99,8.8,8.93,22500
2014-01-28,8.94,9.05,8.91,9.03,8800
2014-01-29,9.01,9.06,8.97,8.97,4300
2014-01-30,8.95,9.01,8.9,8.96,8800
2014-01-31,8.81,8.91,8.8,8.86,6200
2014-02-03,8.85,8.85,8.7,8.75,22700
2014-02-04,8.71,8.81,8.71,8.75,17800
2014-02-05,8.74,8.8,8.7,8.8,17000
2014-02-06,8.75,8.97,8.75,8.97,14500
2014-02-07,9,9.2,9,9.19,21700
2014-02-10,9.21,9.22,9.08,9.2,57500
2014-02-11,9.21,9.43,9.21,9.41,35200
2014-02-12,9.5,9.59,9.5,9.52,24600
2014-02-13,9.3,9.51,9.24,9.48,21600
2014-02-14,9.58,9.76,9.58,9.73,49400
2014-02-18,9.67,9.77,9.67,9.71,18800
2014-02-19,9.61,9.7,9.57,9.57,16200
2014-02-20,9.55,9.6,9.45,9.58,20300
2014-02-21,9.68,9.68,9.54,9.6,12700
2014-02-24,9.56,9.64,9.52,9.6,13500
2014-02-25,9.49,9.55,9.45,9.45,8000
2014-02-26,9.4,9.44,9.31,9.33,21900
2014-02-27,9.42,9.59,9.41,9.5,19100
2014-02-28,9.5,9.59,9.49,9.51,17600
2014-03-03,9.49,9.49,9.28,9.31,4900
2014-03-04,9.42,9.57,9.42,9.56,8800
2014-03-05,9.58,9.66,9.49,9.65,16500
2014-03-06,9.69,9.84,9.54,9.77,27400
2014-03-07,9.72,9.72,9.37,9.46,21200
2014-03-10,9.34,9.34,9.05,9.14,78400
2014-03-11,9.12,9.19,8.8,8.8,85300
2014-03-12,8.82,8.84,8.74,8.82,83500
2014-03-13,8.95,8.96,8.71,8.78,72700
2014-03-14,8.75,8.77,8.7,8.73,46300
2014-03-17,8.86,8.9,8.8,8.86,53600
2014-03-18,8.85,8.9,8.81,8.9,31800
2014-03-19,8.83,8.83,8.6,8.62,115000
2014-03-20,8.57,8.67,8.54,8.57,35700
2014-03-21,8.77,8.8,8.64,8.73,29300
2014-03-24,8.75,8.8,8.67,8.73,17000
2014-03-25,8.87,9,8.84,8.95,46900
2014-03-26,8.98,8.98,8.82,8.88,36300
2014-03-27,8.86,8.98,8.86,8.9,17900
2014-03-28,8.9,9.11,8.89,9.1,63500
2014-03-31,9.19,9.19,9.05,9.12,35500
2014-04-01,9.19,9.19,9.05,9.1,49900
2014-04-02,9.17,9.32,9.17,9.3,51100
2014-04-03,9.21,9.24,9.16,9.18,22200
2014-04-04,9.2,9.3,9.17,9.17,56900
2014-04-07,9.24,9.24,9.11,9.19,10600
2014-04-08,9.14,9.41,9.14,9.34,35700
2014-04-09,9.34,9.49,9.34,9.49,42400
2014-04-10,9.49,9.49,9.31,9.39,17600
2014-04-11,9.35,9.35,9.22,9.25,71800
2014-04-14,9.36,9.41,9.31,9.33,24600
2014-04-15,9.21,9.24,9.12,9.22,32200
2014-04-16,9.21,9.29,9.2,9.28,26800
2014-04-17,9.35,9.41,9.29,9.41,48500
2014-04-21,9.29,9.37,9.28,9.35,10700
2014-04-22,9.3,9.4,9.3,9.36,13600
2014-04-23,9.35,9.37,9.28,9.37,29600
2014-04-24,9.33,9.47,9.33,9.47,18400
2014-04-25,9.46,9.46,9.34,9.36,2300
2014-04-28,9.34,9.39,9.21,9.3,62200
2014-04-29,9.29,9.36,9.27,9.32,25500
2014-04-30,9.29,9.38,9.29,9.32,30200
2014-05-01,9.33,9.41,9.28,9.37,27600
2014-05-02,9.33,9.39,9.3,9.31,27000
2014-05-05,9.27,9.39,9.26,9.33,38300
2014-05-06,9.38,9.38,9.33,9.35,4200
2014-05-07,9.4,9.4,9.22,9.27,21100
2014-05-08,9.33,9.36,9.25,9.27,117400
2014-05-09,9.22,9.25,9.19,9.25,2600
2014-05-12,9.4,9.6,9.4,9.6,112900
2014-05-13,9.72,9.8,9.66,9.77,44500
2014-05-14,9.84,9.96,9.75,9.88,208400
2014-05-15,9.85,9.86,9.72,9.78,11700
2014-05-16,9.78,9.79,9.7,9.75,15900
2014-05-19,9.79,9.79,9.18,9.77,18900
2014-05-20,9.71,9.78,9.65,9.73,15300
2014-05-21,9.7,9.75,9.7,9.71,13700
2014-05-22,9.73,9.87,9.73,9.87,20900
2014-05-23,9.89,9.93,9.84,9.91,8000
2014-05-27,10.01,10.07,9.88,9.94,56800
2014-05-28,9.96,10,9.9,9.92,23000
2014-05-29,9.94,10.02,9.93,10,14500
2014-05-30,10.02,10.08,9.86,9.91,36900
2014-06-02,10.04,10.04,9.97,10.04,34500
2014-06-03,10.03,10.03,9.93,10.03,14900
2014-06-04,10.02,10.09,9.98,10.03,53400
2014-06-05,9.98,10.03,9.88,9.95,38500
2014-06-06,9.88,9.98,9.88,9.92,12200
2014-06-09,9.87,9.97,9.87,9.91,10400
2014-06-10,9.96,9.96,9.79,9.83,36100
2014-06-11,9.82,9.85,9.78,9.79,21000
2014-06-12,9.78,9.78,9.71,9.71,10400
2014-06-13,9.71,9.72,9.66,9.69,11000
2014-06-16,9.72,9.78,9.72,9.74,11200
2014-06-17,9.69,9.8,9.65,9.8,24800
2014-06-18,9.8,9.97,9.8,9.94,12300
2014-06-19,9.95,10.09,9.95,10.07,49900
2014-06-20,10.06,10.14,10.06,10.11,8200
2014-06-23,10.11,10.25,10.11,10.23,29800
2014-06-24,10.17,10.21,10.08,10.09,23800
2014-06-25,10.11,10.11,9.95,9.97,10900
2014-06-26,10.12,10.12,9.98,10.03,7100
2014-06-27,10.04,10.1,10.04,10.1,3500
2014-06-30,10.08,10.18,10.08,10.17,7200
2014-07-01,10.23,10.29,10.15,10.28,44800
2014-07-02,10.2,10.7,10.2,10.7,171500
2014-07-03,10.66,10.85,10.51,10.77,109200
2014-07-07,10.89,10.96,10.73,10.77,52700
2014-07-08,10.83,10.84,10.73,10.83,55100
2014-07-09,10.8,10.97,10.8,10.92,27100
2014-07-10,10.9,10.92,10.76,10.86,24500
2014-07-11,10.77,10.92,10.69,10.88,8000
2014-07-14,10.98,10.98,10.85,10.88,29500
2014-07-15,10.83,10.96,10.71,10.72,66300
2014-07-16,10.79,10.96,10.78,10.93,37300
2014-07-17,10.81,10.81,10.63,10.66,21000
2014-07-18,10.64,10.7,10.6,10.68,68400
2014-07-21,10.7,10.78,10.69,10.77,11900
2014-07-22,10.75,10.97,10.75,10.9,18000
2014-07-23,10.98,11.12,10.93,11.12,65400
2014-07-24,11.08,11.11,11.01,11.02,14400
2014-07-25,10.98,11.1,10.93,11.07,59100
2014-07-28,11.03,11.1,11.01,11.08,10100
2014-07-29,11,11.21,11,11.1,21500
2014-07-30,11.03,11.06,10.92,10.94,20500
2014-07-31,10.93,10.93,10.67,10.68,22400
2014-08-01,10.58,10.79,10.53,10.6,92800
2014-08-04,10.62,10.84,10.62,10.77,55900
2014-08-05,10.59,11.05,10.36,10.42,52800
2014-08-06,10.47,10.52,10.31,10.43,124000
2014-08-07,10.48,10.48,10.24,10.24,26900
2014-08-08,10.25,10.36,10.24,10.24,6500
2014-08-11,10.33,10.61,10.3,10.44,27200
2014-08-12,10.42,10.42,10.37,10.37,6900
2014-08-13,10.34,10.38,10.25,10.3,10500
2014-08-14,10.24,10.26,10.16,10.2,15600
2014-08-15,10.15,10.3,10.15,10.29,24100
2014-08-18,10.25,10.33,10.25,10.32,15200
2014-08-19,10.38,10.42,10.2,10.25,18200
2014-08-20,10.2,10.3,10.2,10.26,166100
2014-08-21,10.16,10.22,10.1,10.18,78000
2014-08-22,10.23,10.23,10.1,10.17,68200
2014-08-25,10.2,10.29,10.19,10.19,55000
2014-08-26,10.26,10.32,10.21,10.29,50300
2014-08-27,10.28,10.38,10.28,10.32,74600
2014-08-28,10.25,10.25,10.09,10.1,66500
2014-08-29,10.11,10.2,10.07,10.13,28000
2014-09-02,10.03,10.18,9.99,10.04,111900
2014-09-03,10.05,10.19,10.05,10.15,75900
2014-09-04,10.12,10.24,10.12,10.15,25600
2014-09-05,10.1,10.18,10.05,10.1,23600
2014-09-08,10.05,10.09,9.98,10,35900
2014-09-09,9.99,9.99,9.85,9.91,44800
2014-09-10,9.86,9.95,9.83,9.95,23100
2014-09-11,9.9,9.9,9.78,9.84,36800
2014-09-12,9.82,9.93,9.74,9.93,32700
2014-09-15,9.87,9.87,9.7,9.7,24900
2014-09-16,9.69,9.8,9.61,9.78,24000
2014-09-17,9.83,9.84,9.67,9.68,18600
2014-09-18,9.7,9.7,9.63,9.68,12500
2014-09-19,9.68,9.72,9.5,9.52,35400
2014-09-22,9.45,9.45,9.12,9.16,58100
2014-09-23,9.19,9.19,9.09,9.12,105600
2014-09-24,9.18,9.3,9.12,9.29,72300
2014-09-25,9.22,9.22,9.02,9.06,14100
2014-09-26,9.04,9.1,8.99,9.1,28000
2014-09-29,9.04,9.1,8.98,9.02,15300
2014-09-30,9.01,9.05,8.94,8.95,26500
2014-10-01,8.97,8.97,8.75,8.75,109000
2014-10-02,8.74,8.8,8.56,8.73,117700
2014-10-03,8.74,8.74,8.55,8.56,31000
2014-10-06,8.63,8.77,8.63,8.71,12300
2014-10-07,8.74,8.75,8.56,8.56,57600
2014-10-08,8.56,8.69,8.41,8.64,22000
2014-10-09,8.65,8.76,8.44,8.44,24100
2014-10-10,8.39,8.42,8.26,8.26,31900
2014-10-13,8.37,8.39,8.21,8.22,13200
2014-10-14,8.36,8.5,8.36,8.39,25300
2014-10-15,8.3,8.35,8.14,8.25,31200
2014-10-16,8.09,8.3,8.09,8.27,8800
2014-10-17,8.25,8.34,8.25,8.3,29700
2014-10-20,8.28,8.33,8.25,8.26,118200
2014-10-21,8.45,8.5,8.35,8.48,9900
2014-10-22,8.39,8.41,8.28,8.3,18400
2014-10-23,8.31,8.38,8.31,8.35,22400
2014-10-24,8.37,8.37,8.3,8.31,5500
2014-10-27,8.24,8.25,8.18,8.18,15400
2014-10-28,8.21,8.39,8.2,8.39,15900
2014-10-29,8.45,8.52,8.32,8.4,37700
2014-10-30,8.3,8.31,8.23,8.23,16700
2014-10-31,8.29,8.29,8.16,8.28,44800
2014-11-03,8.23,8.3,8.2,8.24,23600
2014-11-04,8.2,8.2,8.08,8.15,17800
2014-11-05,8.08,8.08,7.97,8.01,22900
2014-11-06,7.97,7.97,7.89,7.94,50000
2014-11-07,8.04,8.14,8.01,8.14,9900
2014-11-10,8.15,8.27,8.12,8.12,17900
2014-11-11,8.17,8.21,8.08,8.19,16700
2014-11-12,8.16,8.37,8.16,8.23,50900
2014-11-13,8.22,8.24,8.14,8.15,4800
2014-11-14,8.11,8.33,8.09,8.32,18200
2014-11-17,8.28,8.35,8.28,8.31,13900
2014-11-18,8.34,8.35,8.3,8.35,23800
2014-11-19,8.27,8.27,8.16,8.2,15400
2014-11-20,8.14,8.19,8.14,8.19,17600
2014-11-21,8.36,8.56,8.36,8.48,41900
2014-11-24,8.55,8.63,8.45,8.46,24100
2014-11-25,8.43,8.52,8.39,8.48,12500
2014-11-26,8.56,8.56,8.49,8.49,9300
2014-11-28,8.26,8.26,7.92,7.96,35500
2014-12-01,7.84,7.84,7.6,7.68,90300
2014-12-02,7.72,7.78,7.64,7.66,10500
2014-12-03,7.68,7.81,7.68,7.76,29000
2014-12-04,7.77,7.81,7.71,7.73,11400
2014-12-05,7.7,7.73,7.62,7.69,10200
2014-12-08,7.67,7.67,7.46,7.51,31500
2014-12-09,7.46,7.63,7.41,7.63,20700
2014-12-10,7.53,7.6,7.37,7.39,29900
2014-12-11,7.35,7.39,7.26,7.26,94800
2014-12-12,7.3,7.3,7.11,7.12,85400
2014-12-15,7.15,7.16,6.89,6.9,105700
2014-12-16,6.9,7.02,6.85,6.87,146100
2014-12-17,6.87,7.27,6.87,7.15,55900
2014-12-18,7.24,7.34,7.17,7.31,16800
2014-12-19,7.26,7.42,7.26,7.41,58200
2014-12-22,7.44,7.45,7.3,7.31,19200
2014-12-23,7.24,7.38,7.22,7.32,21100
2014-12-24,7.3,7.35,7.25,7.33,31600
2014-12-26,7.33,7.44,7.33,7.4,10200
2014-12-29,7.28,7.35,7.25,7.25,24100
2014-12-30,7.33,7.4,7.31,7.35,24400
2014-12-31,7.44,7.44,7.32,7.36,16500
2015-01-02,7.38,7.47,7.37,7.41,7300
2015-01-05,7.41,7.41,7.16,7.22,33400
2015-01-06,7.18,7.23,7.07,7.18,22000
2015-01-07,7.2,7.2,7.08,7.19,8300
2015-01-08,7.21,7.32,7.21,7.3,21000
2015-01-09,7.27,7.29,7.2,7.26,8000
2015-01-12,7.23,7.23,7.02,7.02,29000
2015-01-13,7.01,7.03,6.68,6.72,60500
2015-01-14,6.39,6.39,6.07,6.19,252900
2015-01-15,6.26,6.28,6.1,6.13,152800
2015-01-16,6.16,6.3,6.14,6.29,39700
2015-01-20,6.37,6.45,6.35,6.41,44700
2015-01-21,6.46,6.5,6.38,6.47,45200
2015-01-22,6.56,6.64,6.5,6.52,24400
2015-01-23,6.47,6.47,6.28,6.28,26700
2015-01-26,6.26,6.33,6.24,6.3,24100
2015-01-27,6.23,6.28,6.2,6.24,57400
2015-01-28,6.23,6.23,6.09,6.09,73900
2015-01-29,6.09,6.15,6.02,6.06,50800
2015-01-30,6.05,6.19,6.01,6.1,37300
2015-02-02,6.15,6.26,6.14,6.24,17700
2015-02-03,6.41,6.74,6.4,6.67,81200
2015-02-04,6.74,6.75,6.62,6.62,47600
2015-02-05,6.72,6.79,6.63,6.79,28400
2015-02-06,6.8,6.8,6.71,6.72,34200
2015-02-09,6.76,6.84,6.73,6.78,23900
2015-02-10,6.78,6.78,6.56,6.59,41500
2015-02-11,6.56,6.56,6.42,6.51,51200
2015-02-12,6.56,6.75,6.56,6.75,17100
2015-02-13,6.94,7.01,6.93,7,132500
2015-02-17,7,7.12,6.98,7.12,87800
2015-02-18,7.08,7.17,7.06,7.16,42800
2015-02-19,7.08,7.08,7,7.05,16800
2015-02-20,7,7.04,7,7.04,6400
2015-02-23,6.99,6.99,6.82,6.86,49800
2015-02-24,6.9,7.04,6.9,6.99,12200
2015-02-25,7.06,7.11,7.03,7.03,26400
2015-02-26,7.09,7.19,7.09,7.16,88300
2015-02-27,7.12,7.22,7.12,7.22,18900
2015-03-02,7.21,7.27,7.15,7.2,22200
2015-03-03,7.14,7.2,7.14,7.14,16900
2015-03-04,7.12,7.12,6.95,6.99,34500
2015-03-05,7.05,7.05,7,7.02,10000
2015-03-06,6.93,6.93,6.75,6.76,63400
2015-03-09,6.76,6.83,6.75,6.79,27500
2015-03-10,6.66,6.66,6.46,6.46,62800
2015-03-11,6.41,6.5,6.41,6.5,7600
2015-03-12,6.65,6.68,6.53,6.53,9800
2015-03-13,6.53,6.53,6.36,6.44,10800
2015-03-16,6.4,6.45,6.37,6.39,6300
2015-03-17,6.38,6.43,6.36,6.43,8900
2015-03-18,6.41,6.52,6.3,6.51,6400
2015-03-19,6.41,6.48,6.37,6.38,115100
2015-03-20,6.52,6.76,6.52,6.73,38200
2015-03-23,6.8,6.98,6.8,6.97,28600
2015-03-24,7,7,6.83,6.91,15300
2015-03-25,6.97,6.98,6.83,6.85,22500
2015-03-26,6.78,6.9,6.77,6.78,6400
2015-03-27,6.75,6.75,6.58,6.67,17600
2015-03-30,6.72,6.91,6.71,6.86,37600
2015-03-31,6.72,6.82,6.69,6.78,10580
2015-04-01,6.76,6.81,6.76,6.79,7600
2015-04-02,6.79,6.87,6.79,6.85,21025
2015-04-06,6.95,7.05,6.95,6.98,35100
2015-04-07,7.04,7.11,7,7.04,43955
2015-04-08,7.15,7.21,7.12,7.12,17726
2015-04-10,7.03,7.06,7,7.01,14959
2015-04-13,6.99,7.05,6.95,6.95,58506
2015-04-14,6.96,7.09,6.96,7.09,140716
2015-04-15,7.08,7.24,7.08,7.22,31416
2015-04-16,7.25,7.33,7.23,7.28,90591
2015-04-17,7.22,7.23,7.13,7.21,37078
2015-04-20,7.17,7.26,7.17,7.24,10072
2015-04-21,7.22,7.23,7.17,7.2,25062
2015-04-22,7.18,7.24,7.15,7.22,8389
2015-04-23,7.18,7.4,7.18,7.36,51777
2015-04-24,7.42,7.61,7.42,7.6,72245
2015-04-27,7.69,7.84,7.69,7.83,80203
2015-04-28,7.84,7.91,7.83,7.89,48695
2015-04-29,7.9,7.96,7.85,7.96,62545
2015-04-30,7.87,8.01,7.86,7.99,55694
2015-05-01,8.05,8.16,8.03,8.13,79703
2015-05-04,8.15,8.22,8.13,8.21,81248
2015-05-05,8.26,8.26,8.13,8.14,108835
2015-05-06,8.17,8.18,8.02,8.12,43739
2015-05-07,8.03,8.05,7.8,7.99,51627
2015-05-08,8.04,8.12,8.02,8.07,34331
2015-05-11,8.1,8.14,8,8.02,32203
2015-05-12,8.01,8.15,8.01,8.12,15994
2015-05-13,8.2,8.23,8.11,8.13,49015
2015-05-14,8.2,8.23,8.13,8.13,22383
2015-05-15,8.09,8.19,8.02,8.17,25143
2015-05-18,8.14,8.14,8.05,8.07,34315
2015-05-19,8,8,7.8,7.8,43507
2015-05-20,7.78,7.81,7.69,7.71,54266
2015-05-21,7.73,7.75,7.7,7.7,21688
2015-05-22,7.7,7.7,7.62,7.65,17432
2015-05-26,7.6,7.6,7.42,7.45,37437
2015-05-27,7.4,7.48,7.39,7.46,9421
2015-05-28,7.39,7.39,7.26,7.38,15833
2015-05-29,7.35,7.35,7.27,7.28,52693
2015-06-01,7.3,7.3,7.19,7.2,46407
2015-06-02,7.25,7.51,7.25,7.44,50160
2015-06-03,7.47,7.54,7.41,7.46,17001
2015-06-04,7.35,7.35,7.23,7.24,21357
2015-06-05,7.18,7.3,7.17,7.26,17712
2015-06-08,7.27,7.28,7.18,7.26,12444
2015-06-09,7.27,7.29,7.24,7.24,9679
2015-06-10,7.48,7.53,7.44,7.46,20089
2015-06-11,7.42,7.42,7.3,7.33,11198
2015-06-12,7.27,7.35,7.27,7.31,20063
2015-06-15,7.29,7.29,7.19,7.24,7986
2015-06-16,7.17,7.24,7.11,7.13,35946
2015-06-17,7.24,7.29,7.14,7.24,25591
2015-06-18,7.31,7.38,7.27,7.34,16825
2015-06-19,7.27,7.27,7.12,7.12,23991
2015-06-22,7.15,7.15,7.06,7.09,12211
2015-06-23,7.1,7.22,7.07,7.18,8881
2015-06-24,7.26,7.31,7.26,7.29,20521
2015-06-25,7.3,7.3,7.16,7.19,9532
2015-06-26,7.06,7.17,7.05,7.09,18951
2015-06-29,7.04,7.05,6.94,6.97,26729
2015-06-30,6.95,6.95,6.86,6.87,15477
2015-07-01,6.84,6.89,6.75,6.75,11957
2015-07-02,6.87,6.87,6.78,6.79,24419
2015-07-06,6.7,6.72,6.51,6.58,47139
2015-07-07,6.44,6.49,6.15,6.39,75310
2015-07-08,6.29,6.38,6.16,6.19,65250
2015-07-09,6.28,6.38,6.28,6.31,40340
2015-07-10,6.44,6.44,6.3,6.4,30153
2015-07-13,6.49,6.54,6.33,6.51,39177
2015-07-14,6.52,6.6,6.46,6.54,17371
2015-07-15,6.56,6.58,6.47,6.49,20685
2015-07-16,6.5,6.56,6.4,6.45,4491
2015-07-17,6.49,6.49,6.3,6.36,42149
2015-07-20,6.3,6.3,6.16,6.16,51211
2015-07-21,6.23,6.3,6.18,6.18,33081
2015-07-22,6.15,6.15,6.02,6.06,83936
2015-07-23,6.09,6.09,5.85,5.89,67061
2015-07-24,5.87,5.87,5.69,5.76,75481
2015-07-27,5.55,5.64,5.48,5.5,66595
2015-07-28,5.59,5.75,5.54,5.72,64772
2015-07-29,5.7,5.79,5.68,5.75,17631
2015-07-30,5.67,5.67,5.55,5.59,36726
2015-07-31,5.63,5.65,5.56,5.61,21150
2015-08-03,5.55,5.57,5.45,5.49,65263
2015-08-04,5.55,5.56,5.44,5.44,22666
2015-08-05,5.56,5.58,5.42,5.42,18749
2015-08-06,5.41,5.48,5.32,5.47,109945
2015-08-07,5.51,5.55,5.43,5.43,25467
2015-08-10,5.5,5.69,5.5,5.69,50226
2015-08-11,5.61,5.61,5.4,5.44,26274
2015-08-12,5.4,5.47,5.36,5.47,84170
2015-08-13,5.35,5.42,5.34,5.37,296128
2015-08-14,5.36,5.37,5.32,5.34,18139
2015-08-17,5.32,5.32,5.27,5.3,50679
2015-08-18,5.28,5.28,5.17,5.17,43313
2015-08-19,5.17,5.19,5.05,5.1,78660
2015-08-20,5.12,5.17,5.08,5.1,94730
2015-08-21,5.07,5.14,5,5.02,99912
2015-08-24,4.74,4.84,4.22,4.66,146528
2015-08-25,4.91,5.07,4.72,4.79,53552
2015-08-26,4.92,4.92,4.66,4.71,93596
2015-08-27,4.88,5.14,4.86,5.1,155627
2015-08-28,5.08,5.22,5.08,5.19,81411
2015-08-31,5.13,5.19,5.03,5.19,34416
2015-09-01,5.02,5.02,4.86,4.89,47967
2015-09-02,5,5,4.84,4.92,19783
2015-09-03,4.98,5.15,4.98,5,42935
2015-09-04,4.88,4.88,4.76,4.77,87070
2015-09-08,5.02,5.14,4.99,5.1,83061
2015-09-09,5.22,5.23,5.09,5.1,37457
2015-09-10,5.11,5.17,5.07,5.13,32093
2015-09-11,5.1,5.14,5.08,5.14,14105
2015-09-14,5.01,5.05,4.96,5,21478
2015-09-15,4.98,5.05,4.98,5.03,35839
2015-09-16,5.09,5.19,5.09,5.18,31794
2015-09-17,5.22,5.3,5.15,5.25,23140
2015-09-18,5.05,5.11,4.98,5,60264
2015-09-21,4.98,4.98,4.86,4.87,40395
2015-09-22,4.67,4.75,4.51,4.54,309880
2015-09-23,4.55,4.56,4.45,4.45,54276
2015-09-24,4.43,4.51,4.37,4.48,47945
2015-09-25,4.52,4.52,4.39,4.4,34551
2015-09-28,4.27,4.29,4.09,4.12,160216
2015-09-29,4.12,4.18,4.11,4.13,73275
2015-09-30,4.23,4.32,4.21,4.23,38072
2015-10-01,4.39,4.5,4.3,4.35,53827
2015-10-02,4.29,4.47,4.29,4.47,24293
2015-10-05,4.62,4.8,4.62,4.78,163276
2015-10-06,4.79,4.95,4.79,4.95,91167
2015-10-07,5.1,5.35,5.1,5.25,155493
2015-10-08,5.29,5.39,5.19,5.35,30157
2015-10-09,5.49,5.75,5.48,5.59,77968
2015-10-12,5.66,5.69,5.3,5.49,26068
2015-10-13,5.36,5.42,5.27,5.3,61498
2015-10-14,5.29,5.43,5.29,5.39,29621
2015-10-15,5.25,5.42,5.23,5.39,38039
2015-10-16,5.4,5.4,5.25,5.26,41714
2015-10-19,5.23,5.23,5.06,5.07,39468
2015-10-20,5.02,5.11,5.02,5.04,27385
2015-10-21,5.1,5.1,4.88,4.98,34372
2015-10-22,5.04,5.15,5.04,5.13,7056
2015-10-23,5.25,5.27,5.2,5.21,25133
2015-10-26,5.25,5.27,5.15,5.18,23823
2015-10-27,5.12,5.15,5.05,5.06,29803
2015-10-28,5.02,5.24,5.02,5.14,16590
2015-10-29,5.05,5.12,4.91,4.97,66315
2015-10-30,4.98,5.04,4.94,5.04,14319
2015-11-02,5.08,5.08,5,5.04,9888
2015-11-03,5.08,5.24,5.08,5.23,42936
2015-11-04,5.3,5.3,5.07,5.13,28581
2015-11-05,5.07,5.11,4.98,5.01,32099
2015-11-06,4.97,4.97,4.85,4.89,27062
2015-11-09,4.85,4.87,4.74,4.78,32898
2015-11-10,4.71,4.91,4.69,4.72,33071
2015-11-11,4.73,4.74,4.56,4.57,61755
2015-11-12,4.52,4.56,4.34,4.42,56646
2015-11-13,4.41,4.47,4.3,4.32,56956
2015-11-16,4.32,4.33,4.22,4.3,84084
2015-11-17,4.33,4.42,4.25,4.27,47175
2015-11-18,12.91,13.02,12.83,13.02,19375
2015-11-19,13.05,13.24,12.95,13.07,19673
2015-11-20,13.21,13.32,12.85,12.89,22412
2015-11-23,12.84,13,12.53,12.53,58086
2015-11-24,12.51,12.92,12.51,12.68,27162
2015-11-25,12.6,12.65,12.45,12.57,46054
2015-11-27,12.57,12.59,12.35,12.5,128230
2015-11-30,12.44,12.68,12.44,12.62,9823
2015-12-01,12.7,12.92,12.59,12.88,93070
2015-12-02,12.88,12.88,12.43,12.59,110724
2015-12-03,12.59,12.63,12.4,12.46,108485
2015-12-04,12.4,12.6,12.39,12.53,15393
2015-12-07,12.39,12.39,11.9,11.91,69603
2015-12-08,11.63,11.65,11.29,11.57,12282
2015-12-09,11.89,11.96,11.57,11.77,48400
2015-12-10,11.77,11.93,11.77,11.89,15214
2015-12-11,11.63,11.77,11.55,11.59,7849
2015-12-14,11.54,11.67,11.14,11.27,65347
2015-12-15,11.39,11.45,11.15,11.26,65064
2015-12-16,11.32,11.5,11.32,11.5,13038
2015-12-17,11.52,11.52,11.01,11.03,37677
2015-12-18,11.06,11.37,11.06,11.2,48382
2015-12-21,11.39,11.47,11.23,11.4,33863
2015-12-22,11.42,11.85,11.35,11.69,103349
2015-12-23,11.74,12.23,11.74,12.22,110167
2015-12-24,12.25,12.5,11.75,12.23,130012
2015-12-28,12.2,12.51,11.84,12.12,107122
2015-12-29,12,12.25,11.25,12.01,69383
2015-12-30,12.06,12.06,11.87,11.93,50400
2015-12-31,11.73,11.9,11.73,11.81,8132
2016-01-04,11.64,11.64,11.23,11.47,101338
2016-01-05,11.55,11.58,11.4,11.5,6759
2016-01-06,11.26,11.26,10.9,10.92,75090
2016-01-07,10.63,10.63,10.19,10.27,44234
2016-01-08,10.38,10.38,10.1,10.15,13116
2016-01-11,10.23,10.23,9.62,9.74,39930
2016-01-12,9.76,9.76,9.41,9.55,81502
2016-01-13,9.7,9.8,9.25,9.37,126008
2016-01-14,9.41,9.63,9.38,9.55,8202
2016-01-15,9.21,9.25,9,9.16,60687
2016-01-19,9.36,9.43,9.04,9.24,42729
2016-01-20,9.09,9.2,8.66,9.08,38979
2016-01-21,9.23,9.64,9.15,9.36,32796
2016-01-22,9.65,9.87,9.47,9.65,18232
2016-01-25,9.52,9.65,9.25,9.25,32151
2016-01-26,9.41,9.76,9.31,9.65,45679
2016-01-27,9.59,9.79,9.46,9.48,81744
2016-01-28,9.9,9.99,9.65,9.82,38563
2016-01-29,9.8,10.07,9.8,10.01,18062
2016-02-01,9.85,9.9,9.77,9.86,6730
2016-02-02,9.52,9.59,9.46,9.46,8345
2016-02-03,9.57,10.06,9.46,10.06,12156
2016-02-04,10.18,10.87,10.18,10.77,26342
2016-02-05,10.84,10.85,10.63,10.8,13293
2016-02-08,10.7,10.8,10.37,10.64,130274
2016-02-09,10.31,10.32,10.01,10.12,11771
2016-02-10,10.16,10.16,10.01,10.06,4305
2016-02-11,9.8,10.24,9.63,9.78,19926
2016-02-12,10.16,10.38,10.1,10.34,42175
2016-02-16,10.66,10.94,10.62,10.94,174760
2016-02-17,11.17,11.8,11.17,11.7,54455
2016-02-18,11.99,11.99,11.45,11.69,27671
2016-02-19,11.64,11.72,11.6,11.61,15605
2016-02-22,12.09,12.45,11.78,12.33,67234
2016-02-23,12.27,12.42,11.76,11.81,78184
2016-02-24,11.54,11.68,11.18,11.63,66853
2016-02-25,11.41,11.81,11.35,11.73,16742
2016-02-26,11.96,12.17,11.79,11.89,33068
2016-02-29,11.91,12.18,11.9,11.92,6606
2016-03-01,12.28,12.44,12.01,12.41,61433
2016-03-02,12.38,13.58,12.38,13.58,113587
2016-03-03,13.75,14.13,13.7,14.06,49945
2016-03-04,14.35,15.06,14.25,14.7,97240
2016-03-07,14.82,14.95,14.7,14.83,48843
2016-03-08,14.77,14.77,13.64,13.79,71363
2016-03-09,13.95,14.2,13.72,14.06,30997
2016-03-10,14,14.11,13.72,14.09,18558
2016-03-11,14.3,14.44,14.2,14.39,29202
2016-03-14,14.42,14.59,14.14,14.52,21825
2016-03-15,14.09,14.73,13.62,13.63,19378
2016-03-16,13.66,14.23,13.66,14.07,51929
2016-03-17,14.65,15.16,13.76,15.14,32555
2016-03-18,15.31,15.43,14.51,15.12,32032
2016-03-21,15.16,15.35,14.9,15.15,8993
2016-03-22,15.01,15.26,14.87,15.26,14289
2016-03-23,14.68,14.9,14.04,14.04,54673
2016-03-24,13.68,14.26,13.5,14.26,24974
2016-03-28,13.98,14.29,13.56,14.29,17214
2016-03-29,14.01,14.05,13.69,13.97,58919
2016-03-30,14.15,14.4,14,14.11,11931
2016-03-31,14.37,14.45,14.06,14.11,12222
2016-04-01,13.92,13.99,13.69,13.97,6405
2016-04-04,14.08,14.08,13.5,13.66,23046
2016-04-05,13.46,13.52,13.19,13.39,21857
2016-04-06,13.19,13.48,13.14,13.41,7704
2016-04-07,13.34,13.34,12.6,12.85,50874
2016-04-08,13.1,13.38,12.91,13.15,8548
2016-04-11,13.26,13.72,13.26,13.52,18191
2016-04-12,13.76,14.43,13.76,14.42,38044
2016-04-13,14.5,14.78,14.5,14.54,40579
2016-04-14,14.77,14.77,14.37,14.49,20030
2016-04-15,14.48,14.53,14.23,14.53,11982
2016-04-18,14.43,15.02,14.43,14.99,22376
2016-04-19,15.38,16.22,14.99,16.22,46717
2016-04-20,16.23,16.74,16.23,16.34,50115
2016-04-21,16.55,16.55,15.96,15.98,28368
2016-04-22,15.88,16.34,15.88,16.08,63058
2016-04-25,15.93,16.15,15.7,15.71,24479
2016-04-26,15.97,16.12,15.8,15.98,6963
2016-04-27,16.01,16.39,16,16.3,28133
2016-04-28,16.5,16.72,16.13,16.33,40243
2016-04-29,16.59,17.19,16.59,17.19,46157
2016-05-02,17.25,17.53,16.84,17.05,30489
2016-05-03,16.75,16.75,16.11,16.15,32761
2016-05-04,15.75,15.96,15.42,15.44,36960
2016-05-05,15.56,15.79,15.33,15.38,12656
2016-05-06,15.22,15.61,15.22,15.44,8581
2016-05-09,15.09,15.09,14.38,14.49,72934
2016-05-10,14.51,14.71,14.45,14.71,18155
2016-05-11,14.8,15.17,14.8,14.96,41103
2016-05-12,15.1,15.25,14.5,14.6,26447
2016-05-13,14.52,14.64,14.4,14.47,10047
2016-05-16,14.55,15.09,14.55,14.79,14137
2016-05-17,15.11,15.31,14.79,15.14,11536
2016-05-18,14.86,15,14.45,14.56,32612
2016-05-19,14.38,14.56,14.15,14.44,26419
2016-05-20,14.62,14.67,14.55,14.57,4940
2016-05-23,14.66,14.66,14.53,14.55,10220
2016-05-24,14.53,14.57,14.33,14.34,16721
2016-05-25,14.55,14.85,14.41,14.8,9994
2016-05-26,14.97,15.24,14.71,14.75,19181
2016-05-27,14.68,14.79,14.59,14.73,14666
2016-05-31,14.71,14.87,14.41,14.51,10526
2016-06-01,14.29,14.54,14.28,14.54,21969
2016-06-02,14.56,14.56,14.3,14.38,4894
2016-06-03,14.89,15.06,14.88,15.05,29954
2016-06-06,15.21,15.67,15.21,15.66,17582
2016-06-07,15.34,15.62,15.21,15.58,27256
2016-06-08,15.72,16.1,15.72,15.92,19239
2016-06-09,15.8,15.92,15.36,15.53,42487
2016-06-10,15.1,15.17,14.85,14.95,39547
2016-06-13,14.79,15,14.78,14.86,11053
2016-06-14,14.61,14.65,14.34,14.44,14307
2016-06-15,14.91,14.94,14.88,14.9,8289
2016-06-16,14.64,14.64,14.32,14.59,22648
2016-06-17,15.07,15.23,14.89,14.95,39524
2016-06-20,15.5,15.53,15.23,15.36,8947
2016-06-21,15.28,15.35,15.06,15.34,14840
2016-06-22,15.51,15.53,15.17,15.25,7587
2016-06-23,15.58,15.76,15.51,15.71,42108
2016-06-24,14.48,14.95,14.32,14.56,59533
2016-06-27,14.6,14.6,14.32,14.4,9073
2016-06-28,14.52,14.95,14.4,14.68,16659
2016-06-29,14.96,15.18,14.94,15,14590
2016-06-30,15.32,15.46,15.12,15.41,69077
2016-07-01,15.43,15.81,15.43,15.7,78794
2016-07-05,16.09,16.09,15.43,15.55,31932
2016-07-06,15.45,15.68,15.31,15.58,9122
2016-07-07,15.77,15.83,15.4,15.47,41974
2016-07-08,15.7,15.84,15.63,15.79,14105
2016-07-11,15.95,16.34,15.95,16.32,60413
2016-07-12,16.6,17,16.6,16.98,40400
2016-07-13,17.22,17.34,16.96,17.14,40039
2016-07-14,17.21,17.43,17.21,17.27,13687
2016-07-15,17.28,17.29,17.01,17.12,21664
2016-07-18,17.17,17.17,16.8,17.04,19177
2016-07-19,16.93,16.93,16.57,16.57,9307
2016-07-20,16.55,16.63,16.1,16.51,18345
2016-07-21,16.72,16.9,16.59,16.7,17746
2016-07-22,16.72,16.72,16.6,16.63,4732
2016-07-25,16.6,16.6,16.36,16.43,15844
2016-07-26,16.38,16.75,16.38,16.73,21104
2016-07-27,17.1,17.1,16.68,16.8,11840
2016-07-28,16.93,17.24,16.93,17.24,9425
2016-07-29,17.16,17.4,17.01,17.4,13687
2016-08-01,17.02,17.34,17.01,17.11,18825
2016-08-02,17.5,17.5,17.01,17.1,15042
2016-08-03,17.16,17.16,16.85,17.11,8615
2016-08-04,17.06,17.22,16.96,17.09,9977
2016-08-05,17.06,17.07,16.83,16.92,30074
2016-08-08,17.15,17.41,17.04,17.11,19457
2016-08-09,17.1,17.27,17.09,17.16,21912
2016-08-10,17.61,17.74,17.19,17.21,11916
2016-08-11,17.5,17.5,17.25,17.39,7081
2016-08-12,17.28,17.31,17.05,17.07,12117
2016-08-15,17.28,17.28,17.08,17.13,7076
2016-08-16,17.39,17.4,17.22,17.39,39564
2016-08-17,17.3,17.3,16.89,17.1,36215
2016-08-18,17.26,17.53,17.22,17.47,10119
2016-08-19,17.46,17.46,17.11,17.27,22013
2016-08-22,17.03,17.15,16.85,17.15,13199
2016-08-23,17.28,17.39,17.15,17.2,45264
2016-08-24,17,17,16.53,16.56,41365
2016-08-25,16.43,16.61,16.25,16.52,25543
2016-08-26,16.96,17.11,16.4,16.58,5958
2016-08-29,16.37,16.72,16.26,16.56,17671
2016-08-30,16.4,16.4,16.02,16.08,24819
2016-08-31,16.06,16.06,15.78,15.85,24066
2016-09-01,15.72,16,15.7,15.95,9205
2016-09-02,16.14,16.51,16.14,16.4,15050
2016-09-06,16.5,16.72,16.43,16.63,10699
2016-09-07,16.58,16.66,16.55,16.62,5845
2016-09-08,16.58,16.66,16.51,16.6,6385
2016-09-09,16.41,16.41,16.01,16.11,20865
2016-09-12,15.76,16.35,15.75,16.2,27637
2016-09-13,16.14,16.14,15.53,15.59,46881
2016-09-14,15.8,16,15.62,15.9,14468
2016-09-15,15.86,16.16,15.8,15.88,20901
2016-09-16,16.04,16.1,15.87,15.99,14282
2016-09-19,16.2,16.39,16.02,16.02,15387
2016-09-20,16.12,16.14,16.04,16.1,4390
2016-09-21,16.28,16.39,15.91,16.38,6812
2016-09-22,16.71,16.96,16.71,16.77,12586
2016-09-23,16.57,16.73,16.32,16.68,4049
2016-09-26,16.59,16.61,16.41,16.54,3513
2016-09-27,16.26,16.34,16.09,16.24,10628
2016-09-28,16.25,16.66,16.25,16.66,4429
2016-09-29,16.75,16.8,16.57,16.7,4928
2016-09-30,16.82,16.82,16.68,16.77,5623
2016-10-03,16.94,16.94,16.66,16.73,10466
2016-10-04,16.72,16.72,16.16,16.27,2915
2016-10-05,16.44,16.67,16.44,16.6,3800
2016-10-06,16.6,16.6,16.3,16.31,6205
2016-10-07,16.84,16.84,16.37,16.49,3139
2016-10-10,16.49,16.88,16.49,16.64,2671
2016-10-11,16.62,16.62,16.34,16.34,3104
2016-10-12,16.51,16.64,16.51,16.57,2240
2016-10-13,16.38,16.47,16.22,16.43,4644
2016-10-14,16.39,16.45,16.39,16.4,1235
2016-10-17,16.33,16.49,16.33,16.49,1294
2016-10-18,16.6,16.96,16.6,16.96,8427
2016-10-19,16.9,17.02,16.79,16.88,10609
2016-10-20,16.29,16.88,16.29,16.88,12886
2016-10-21,16.88,17.03,16.88,16.98,7428
2016-10-24,17.02,17.07,16.81,16.82,4222
2016-10-25,17.11,17.49,17.11,17.27,15843
2016-10-26,17.11,17.34,16.94,17.17,11416
2016-10-27,17.3,17.43,17.17,17.2,10155
2016-10-28,17.12,17.38,17.12,17.26,11925
2016-10-31,17.38,17.54,17.33,17.54,7394
2016-11-01,17.44,17.95,17.39,17.5,10108
2016-11-02,17.49,17.5,17.26,17.31,6845
2016-11-03,17.4,17.5,17.4,17.5,525
2016-11-04,17.38,17.55,17.38,17.42,11526
2016-11-07,17.9,18.28,17.79,18.28,60622
2016-11-08,18.49,19.11,18.37,18.95,47505
2016-11-09,19.54,19.86,19.3,19.66,161307
2016-11-10,20.77,20.99,20.57,20.8,134546
2016-11-11,21.14,21.29,20.02,20.37,194828
2016-11-14,20.67,20.67,20.2,20.35,67825
2016-11-15,19.97,20.19,19.37,20.19,53547
2016-11-16,20,20.08,19.46,19.99,45306
2016-11-17,20.39,20.39,19.9,20.04,60739
2016-11-18,20.08,20.29,19.56,19.72,32871
2016-11-21,19.93,20.25,19.93,20.23,45327
2016-11-22,20.51,21.19,20.51,21.17,172145
2016-11-23,20.86,21.65,20.82,21.61,77351
2016-11-25,22.17,22.17,21.76,21.85,66714
2016-11-28,22.19,22.19,21.83,21.95,76967
2016-11-29,21.6,21.6,21.2,21.23,82558
2016-11-30,21.2,21.4,21.1,21.25,30527
2016-12-01,21.21,21.65,21.21,21.38,33267
2016-12-02,21.38,21.68,21.21,21.59,46963
2016-12-05,21.94,22.44,21.94,22.37,57664
2016-12-06,22.5,22.5,22.21,22.34,206326
2016-12-07,22.69,22.85,22.43,22.79,48462
2016-12-08,22.93,23.1,22.76,23.03,87842
2016-12-09,23.2,23.35,22.83,22.91,137110
2016-12-12,23,23.38,22.81,23,59959
2016-12-13,22.92,22.92,22.08,22.34,120476
2016-12-14,22.26,22.45,21.73,21.99,30258
2016-12-15,21.5,21.57,21.17,21.43,46438
2016-12-16,21.34,21.34,20.87,20.92,46060
2016-12-19,20.53,20.77,20.17,20.27,71327
2016-12-20,20.2,20.9,20.2,20.66,46929
2016-12-21,20.96,21.43,20.62,20.68,54466
2016-12-22,20.48,20.48,20.24,20.26,13725
2016-12-23,20.26,20.26,20.1,20.21,27428
2016-12-27,20.06,20.28,20.06,20.28,16372
2016-12-28,20.4,20.4,20.06,20.17,8395
2016-12-29,20.13,20.29,20.1,20.14,16942
2016-12-30,20.18,20.29,19.88,20,110781
2017-01-03,20.19,20.65,20.03,20.62,40204
2017-01-04,20.84,21.23,20.78,21.22,42422
2017-01-05,21.35,21.78,21.29,21.75,22582
2017-01-06,21.64,21.67,21.36,21.37,17280
2017-01-09,21.18,21.54,20.93,21.44,17464
2017-01-10,21.75,22.3,21.75,22.26,46491
2017-01-11,22.28,22.8,22.28,22.74,39303
2017-01-12,23,23.2,22.95,23.01,58329
2017-01-13,22.94,23.23,22.52,23.22,65150
2017-01-17,23.12,23.29,22.57,22.7,83444
2017-01-18,22.93,22.93,22.54,22.61,31095
2017-01-19,22.55,22.78,22.54,22.78,27547
2017-01-20,22.69,22.84,22.63,22.81,10543
2017-01-23,23.05,23.29,23.05,23.23,32826
2017-01-24,23.7,24.36,23.47,24.34,143136
2017-01-25,24.58,24.99,24.45,24.98,160653
2017-01-26,24.93,24.98,24.23,24.38,46562
2017-01-27,24.3,24.66,24.3,24.45,24385
2017-01-30,24.24,24.49,23.9,24.15,33179
2017-01-31,24.38,24.7,23.7,24.69,59958
2017-02-01,24.9,25.15,24.75,25.14,58011
2017-02-02,25.14,25.37,25,25.03,40106
2017-02-03,24.87,24.87,24.45,24.48,47969
2017-02-06,24.52,24.52,24.28,24.46,26199
2017-02-07,24.49,24.71,24.49,24.55,24223
2017-02-08,24.58,24.91,24.58,24.79,39182
2017-02-09,24.97,25,24.54,24.75,40484
2017-02-10,25,25.78,25,25.75,91391
2017-02-13,26.25,26.46,26.2,26.24,128460
2017-02-14,26.29,26.33,25.82,26.22,108557
2017-02-15,25.85,26.06,25.69,25.74,126318
2017-02-16,25.84,25.84,25.21,25.34,105365
2017-02-17,24.88,24.9,24.54,24.73,189751
2017-02-21,24.85,25.36,24.85,25.36,87082
2017-02-22,25.2,25.2,24.8,24.91,92185
2017-02-23,24.78,25.16,24.29,24.33,87835
2017-02-24,23.86,24.12,23.52,24.03,122977
2017-02-27,23.84,23.89,23.61,23.69,63731
2017-02-28,23.59,23.77,23.42,23.44,69302
2017-03-01,23.81,24.53,23.81,24.46,139192
2017-03-02,24.38,24.38,23.7,23.72,72484
2017-03-03,23.68,23.91,23.52,23.9,49239
2017-03-06,23.68,23.68,23.06,23.21,122523
2017-03-07,23.17,23.17,22.5,22.62,98354
2017-03-08,22.52,22.6,22.13,22.17,53907
2017-03-09,21.83,21.88,21.4,21.41,254551
2017-03-10,21.55,21.85,21.54,21.7,73398
2017-03-13,22,22.41,21.99,22.28,63559
2017-03-14,22.19,22.28,21.83,21.9,60723
2017-03-15,22.25,23,22.17,22.95,54260
2017-03-16,23.53,23.76,23.37,23.52,50878
2017-03-17,23.58,23.84,23.45,23.56,60124
2017-03-20,23.46,23.54,23.31,23.41,29703
2017-03-21,23.44,23.53,22.53,22.58,45323
2017-03-22,22.53,22.78,22.29,22.73,54761
2017-03-23,22.59,22.83,22.49,22.64,79376
2017-03-24,22.55,22.68,22.36,22.45,47951
2017-03-27,21.96,22.06,21.45,22.06,35489
2017-03-28,22.1,22.46,22.1,22.28,15028
2017-03-29,22.17,22.63,22.17,22.55,52345
2017-03-30,22.53,22.9,22.53,22.8,31250
2017-03-31,22.44,22.63,22.1,22.43,21658
2017-04-03,22.43,22.84,22.26,22.42,20084
2017-04-04,22.5,22.77,22.38,22.76,69048
2017-04-05,23.2,23.48,23,23,36585
2017-04-06,23.05,23.14,22.95,23.02,29139
2017-04-07,22.92,23.01,22.75,22.79,18242
2017-04-10,22.76,22.82,22.65,22.78,43730
2017-04-11,22.76,22.76,22.4,22.64,33110
2017-04-12,22.45,22.45,21.96,22.05,40014
2017-04-13,21.91,21.95,21.63,21.63,43632
2017-04-17,21.76,21.89,21.71,21.74,84204
2017-04-18,21.44,21.49,21,21.18,85457
2017-04-19,21.42,21.47,21.08,21.1,15790
2017-04-20,21.32,21.48,21.19,21.38,11165
2017-04-21,21.28,21.5,21.09,21.16,20753
2017-04-24,21.3,21.36,21.2,21.24,28805
2017-04-25,21.38,21.6,21.24,21.39,37251
2017-04-26,21.28,21.56,21.21,21.44,25660
2017-04-27,21.45,21.56,20.94,21.04,29039
2017-04-28,20.29,21.76,20.28,21.39,99862
2017-05-01,21.21,21.62,21.21,21.55,50148
2017-05-02,21.6,21.6,21.26,21.34,25395
2017-05-03,21,21.26,20.6,20.63,40663
2017-05-04,20.16,20.45,19.56,19.74,413753
2017-05-05,19.55,19.94,19.39,19.9,76458
2017-05-08,19.73,19.73,19.53,19.62,25184
2017-05-09,19.67,19.94,19.67,19.79,15051
2017-05-10,19.93,19.94,19.55,19.92,7509
2017-05-11,20.06,20.11,19.65,20.01,6843
2017-05-12,20.07,20.42,20.01,20.06,9476
2017-05-15,20.36,20.92,20.35,20.39,10085
2017-05-16,20.5,20.68,19.76,20.65,11353
2017-05-17,20.58,20.58,20.13,20.17,17540
2017-05-18,19.97,20.19,19.77,20.13,8589
2017-05-19,20.39,20.79,20.39,20.76,14889
2017-05-22,20.89,20.94,20.76,20.85,34328
2017-05-23,20.74,20.9,20.62,20.73,33789
2017-05-24,20.59,20.76,20.56,20.76,11016
2017-05-25,20.85,21.14,20.73,20.79,34818
2017-05-26,20.88,20.9,20.54,20.84,7962
2017-05-30,20.8,20.8,20.54,20.72,7194
2017-05-31,20.46,20.46,20.01,20.21,15968
2017-06-01,20.14,20.24,20.1,20.22,7209
2017-06-02,20.15,20.2,20.01,20.07,12448
2017-06-05,19.93,20,19.86,19.94,24221
2017-06-06,19.9,20.1,19.9,20.1,7571
2017-06-07,20.26,20.32,20.09,20.15,5482
2017-06-08,20.16,20.67,20.16,20.64,38575
2017-06-09,20.79,20.95,20.74,20.81,15229
2017-06-12,20.81,20.93,20.63,20.7,12811
2017-06-13,20.81,20.81,20.64,20.75,20810
2017-06-14,20.79,20.79,20.22,20.28,8091
2017-06-15,19.93,19.98,19.7,19.74,35778
2017-06-16,19.76,19.76,19.55,19.62,11780
2017-06-19,19.8,20.04,19.8,19.82,30499
2017-06-20,19.61,19.61,19.27,19.34,10341
2017-06-21,19.42,19.47,19.36,19.38,10775
2017-06-22,19.33,19.67,19.33,19.6,8417
2017-06-23,19.79,19.86,19.64,19.85,5959
2017-06-26,19.86,19.94,19.75,19.86,10977
2017-06-27,20.02,20.25,20.02,20.06,21698
2017-06-28,20.27,20.66,20.26,20.55,14134
2017-06-29,20.87,21.09,20.76,20.76,80007
2017-06-30,20.94,21.02,20.82,20.98,27244
2017-07-03,20.86,21.34,20.86,21.18,26661
2017-07-05,21.3,21.32,21.07,21.22,47388
2017-07-06,21.16,21.21,21.03,21.03,7111
2017-07-07,21.05,21.11,20.74,21.05,23855
2017-07-10,20.9,21.31,20.67,21.31,74861
2017-07-11,21.51,21.85,21.42,21.84,24469
2017-07-12,22,22.23,21.95,22.2,15279
2017-07-13,22.26,22.3,22.14,22.21,6496
2017-07-14,22.48,22.5,22.4,22.5,32205
2017-07-17,22.99,23.13,22.89,23.1,41959
2017-07-18,23.08,23.25,23.12,23.23,14704
2017-07-19,23.41,23.49,23.21,23.35,22295
2017-07-20,23.11,23.16,22.9,22.91,15985
2017-07-21,23.01,23.05,22.76,22.95,15851
2017-07-24,22.91,22.98,22.86,22.98,3894
2017-07-25,23.94,24.18,23.7,24.09,86382
2017-07-26,24.47,24.94,24.36,24.89,55899
2017-07-27,25,25,24.4,24.57,43680
2017-07-28,24.33,24.58,24.22,24.57,17780
2017-07-31,25,25.19,24.86,25.14,66792
2017-08-01,25.05,25.24,24.99,25.19,86041
2017-08-02,24.9,25.09,24.75,25.09,94370
2017-08-03,24.88,25.05,24.76,25.04,29433
2017-08-04,24.93,25.16,24.84,25,101440
2017-08-07,25.28,25.35,25.16,25.3,42290
2017-08-08,25.39,25.58,25.29,25.5,22088
2017-08-09,25.48,25.48,25.21,25.26,57877
2017-08-10,24.94,24.94,24.27,24.27,72796
2017-08-11,23.74,23.93,23.52,23.78,52930
2017-08-14,23.94,24.14,23.84,24.07,26106
2017-08-15,23.77,23.77,23.52,23.74,15041
2017-08-16,24.07,24.81,24.07,24.72,41013
2017-08-17,24.86,25.03,24.4,24.48,39176
2017-08-18,24.47,24.65,24.29,24.52,14503
2017-08-21,24.8,25.07,24.76,24.93,86713
2017-08-22,25.34,25.49,25.26,25.42,83360
2017-08-23,25.33,25.72,25.2,25.72,40023
2017-08-24,25.76,26,25.62,25.96,95884
2017-08-25,26.17,26.26,25.92,26.04,199145
2017-08-28,26.17,26.34,26.08,26.32,55715
2017-08-29,26.39,26.49,26.21,26.49,99847
2017-08-30,26.5,26.53,26.19,26.29,38495
2017-08-31,26.42,26.5,26.33,26.48,91844
2017-09-01,26.78,27.08,26.58,27.06,46817
2017-09-05,27.25,27.29,26.55,26.78,90238
2017-09-06,27.06,27.14,26.85,27,41775
2017-09-07,27.05,27.06,26.86,27.03,22294
2017-09-08,26.86,26.86,25.94,26.07,163490
2017-09-11,26.2,26.44,26.2,26.29,32320
2017-09-12,26.17,26.42,26.05,26.29,26495
2017-09-13,26.05,26.05,25.46,25.53,115005
2017-09-14,25.3,25.34,24.9,25.28,67131
2017-09-15,25.19,25.26,24.9,25.11,38539
2017-09-18,25.21,25.36,25.16,25.22,74949
2017-09-19,25.32,25.35,25,25.31,37696
2017-09-20,25.49,25.68,25.25,25.37,93335
2017-09-21,24.99,25.14,24.79,25.03,22885
2017-09-22,24.8,25,24.4,24.87,46327
2017-09-25,24.63,24.65,24.25,24.31,47880
2017-09-26,24.39,24.5,24.2,24.34,14307
2017-09-27,24.4,24.49,24.22,24.3,15056
2017-09-28,24.27,24.65,24,24.58,25487
2017-09-29,24.79,24.9,24.71,24.85,19057
2017-10-02,24.83,25.12,24.83,25.1,36190
2017-10-03,25.22,25.73,25.22,25.66,196469
2017-10-04,25.75,25.93,25.7,25.84,39905
2017-10-05,26.09,26.57,26.09,26.27,91733
2017-10-06,26.29,26.3,26.04,26.26,241302
2017-10-09,26.17,26.2,25.9,26,28664
2017-10-10,26.17,26.2,26.04,26.13,30845
2017-10-11,26.03,26.11,25.94,26.06,21034
2017-10-12,26.13,26.34,26.05,26.27,46169
2017-10-13,26.57,26.66,26.47,26.49,33876
2017-10-16,27.14,27.39,27.12,27.15,46053
2017-10-17,27.22,27.22,26.64,26.73,67902
2017-10-18,26.69,26.72,26.41,26.59,33297
2017-10-19,26.25,26.4,25.99,26.4,33203
2017-10-20,26.56,26.58,26.33,26.33,33340
2017-10-23,26.33,26.48,26.19,26.35,18699
2017-10-24,26.44,26.61,26.44,26.57,42047
2017-10-25,26.51,26.59,26.07,26.16,349051
2017-10-26,26.28,26.28,25.74,25.88,204869
2017-10-27,25.32,25.53,25.13,25.53,32826
2017-10-30,25.45,25.65,25.42,25.51,19208
2017-10-31,25.4,25.65,25.4,25.59,17640
2017-11-01,26,26.27,25.83,25.92,15098
2017-11-02,26,26.17,25.89,25.9,26864
2017-11-03,26.05,26.05,25.68,25.86,17884
2017-11-06,26.07,26.54,26.06,26.46,42442
2017-11-07,26.37,26.37,26.06,26.28,35982
2017-11-08,26.41,26.52,26.33,26.44,56033
2017-11-09,26.16,26.26,26,26.2,52662
2017-11-10,26.31,26.33,26.06,26.08,14708
2017-11-13,25.93,26.17,25.84,25.96,26121
2017-11-14,25.79,25.79,25.34,25.36,113009
2017-11-15,25.06,25.09,24.5,24.77,46574
2017-11-16,24.89,24.98,24.8,24.81,107825
2017-11-17,24.89,25.1,24.89,25.03,62982
2017-11-20,25.02,25.1,24.92,24.98,13994
2017-11-21,25.12,25.47,25.12,25.27,44493
2017-11-22,25.46,25.79,25.29,25.67,18148
2017-11-24,25.81,26.13,25.81,25.98,19411
2017-11-27,25.86,25.86,25.32,25.44,17552
2017-11-28,25.3,25.3,25.08,25.2,33442
2017-11-29,25.1,25.3,24.59,24.76,35127
2017-11-30,24.72,24.72,24.41,24.44,46971
2017-12-01,24.49,24.72,24.38,24.54,27376
2017-12-04,24.8,24.81,24.5,24.5,20119
2017-12-05,24.05,24.16,23.75,23.97,22293
2017-12-06,23.69,23.85,23.53,23.58,22241
2017-12-07,23.52,23.71,23.51,23.66,69326
2017-12-08,24,24.05,23.9,23.94,79920
2017-12-11,24.19,24.45,24.16,24.32,43997
2017-12-12,24.29,24.47,24.28,24.41,12271
2017-12-13,24.48,24.9,24.48,24.85,71757
2017-12-14,24.96,25.08,24.82,24.82,36921
2017-12-15,25.2,25.24,25.1,25.14,52284
2017-12-18,25.31,25.68,25.31,25.59,41263
2017-12-19,25.57,25.73,25.54,25.7,45426
2017-12-20,25.97,26.1,25.96,26.04,80103
2017-12-21,26.27,26.65,26.27,26.58,74661
2017-12-22,26.62,26.7,26.49,26.67,67548
2017-12-26,26.75,26.88,26.7,26.79,31397
2017-12-27,27.06,27.4,27.06,27.37,130799
2017-12-28,27.37,27.5,27.2,27.4,193991
2017-12-29,27.66,27.67,27.21,27.35,125434
2018-01-02,27.75,28.13,27.58,28.05,91321
2018-01-03,28.15,28.15,27.62,27.76,272551
2018-01-04,28.15,28.31,28.06,28.2,57410
2018-01-05,28.24,28.33,28.1,28.3,72598
2018-01-08,28.43,28.51,28.3,28.48,61880
2018-01-09,28.64,28.79,28.19,28.31,170233
2018-01-10,28.35,28.64,28.27,28.53,56557
2018-01-11,28.77,28.9,28.58,28.85,120196
2018-01-12,29.01,29.14,28.98,29.1,55626
2018-01-16,29.09,29.15,28.65,28.81,119793
2018-01-17,28.8,28.94,28.51,28.88,109309
2018-01-18,28.7,28.7,28.27,28.3,65486
2018-01-19,28.41,28.68,28.34,28.68,33299
2018-01-22,28.66,28.66,28.31,28.53,46399
2018-01-23,28.31,28.53,27.85,28.27,56471
2018-01-24,28.6,28.8,28.6,28.7,86844
2018-01-25,29,29.34,28.64,28.74,65259
2018-01-26,28.84,28.96,28.75,28.89,28257
2018-01-29,28.68,28.88,28.68,28.7,85985
2018-01-30,28.55,28.55,28.19,28.26,55974
2018-01-31,28.5,28.6,27.99,28.07,129902
2018-02-01,27.92,28.28,27.85,28.21,29159
2018-02-02,28.21,28.21,27.18,27.19,91795
2018-02-05,27.35,27.89,26.6,26.83,77077
2018-02-06,26.28,27.52,26.2,27.37,92859
2018-02-07,26.8,27.05,26.11,26.27,117521
2018-02-08,26.18,26.18,25.23,25.31,82525
2018-02-09,25.26,25.65,24.61,25.61,303664
2018-02-12,25.8,26.29,25.75,26.06,235753
2018-02-13,26.22,26.79,26.22,26.72,65751
2018-02-14,26.57,27.9,26.57,27.83,39447
2018-02-15,28.34,28.49,27.86,28.35,49928
2018-02-16,28.02,28.25,27.78,27.9,27644
2018-02-20,27.4,27.57,27,27.36,36630
2018-02-21,27.55,27.89,27.33,27.36,17730
2018-02-22,27.67,27.92,27.6,27.65,27662
2018-02-23,27.89,28.11,27.56,28.11,21427
2018-02-26,28.36,28.65,28.28,28.65,45528
2018-02-27,28.26,28.26,27.84,27.93,34046
2018-02-28,27.79,27.79,27.2,27.2,55529
2018-03-01,27.18,27.18,26.57,27.04,56884
2018-03-02,26.75,26.87,26.56,26.84,22730
2018-03-05,26.57,27.01,26.5,27.01,15245
2018-03-06,27.49,27.87,27.49,27.64,17899
2018-03-07,27.23,27.4,27,27.31,20055
2018-03-08,27.31,27.31,26.82,26.98,33609
2018-03-09,27.17,27.43,27.11,27.3,56775
2018-03-12,27.35,27.55,27.33,27.55,35181
2018-03-13,27.7,27.89,27.5,27.55,95078
2018-03-14,27.89,28.06,27.81,27.91,20526
2018-03-15,27.82,27.84,27.57,27.64,96123
2018-03-16,27.48,27.65,27.48,27.57,24530
2018-03-19,27.4,27.4,26.81,27.02,27110
2018-03-20,26.91,26.91,26.61,26.66,31390
2018-03-21,26.54,27.25,26.51,27.24,31268
2018-03-22,26.83,26.96,26.34,26.45,21669
2018-03-23,26.52,26.52,25.89,25.93,36557
2018-03-26,26.2,26.42,26,26.3,50814
2018-03-27,26.46,26.7,25.95,25.98,61781
2018-03-28,25.76,25.82,25.18,25.22,52335
2018-03-29,25.39,26.08,25.22,25.98,46331
2018-04-02,26.24,26.61,25.39,25.43,41969
2018-04-03,25.77,25.95,25.55,25.83,31237
2018-04-04,25.47,25.93,25.24,25.93,55288
2018-04-05,26,26.38,26,26.27,19348
2018-04-06,26.14,26.3,25.57,25.7,12271
2018-04-09,25.86,25.9,25.56,25.63,25690
2018-04-10,26.29,26.8,26.29,26.67,15949
2018-04-11,26.64,26.83,26.64,26.76,8711
2018-04-12,26.64,26.64,26.4,26.58,26446
2018-04-13,26.77,26.94,26.54,26.55,32464
2018-04-16,26.57,26.8,26.17,26.28,18321
2018-04-17,26.39,26.58,26.32,26.54,33088
2018-04-18,26.89,27.5,26.89,27.27,84477
2018-04-19,27.59,27.59,27.25,27.41,45193
2018-04-20,27.3,27.4,27.07,27.16,24375
2018-04-23,27,27,26.64,26.72,12356
2018-04-24,26.9,26.9,26.32,26.39,11063
2018-04-25,26.18,26.26,25.93,26.03,47161
2018-04-26,26.19,26.19,25.99,26.13,29006
2018-04-27,26.09,26.69,25.88,26.13,48330
2018-04-30,26.13,26.13,25.82,25.93,49095
2018-05-01,25.81,25.82,25.29,25.6,52179
2018-05-02,25.85,26.12,25.82,25.82,44592
2018-05-03,26.01,26.16,25.8,26.02,62549
2018-05-04,25.81,26.27,25.72,26.2,36249
2018-05-07,26.17,26.33,26.01,26.12,18969
2018-05-08,26.05,26.07,25.88,26.07,56037
2018-05-09,26.15,26.56,26.15,26.56,20748
2018-05-10,26.78,27.21,26.78,27.14,45397
2018-05-11,27.32,27.39,27.14,27.21,43102
2018-05-14,27.28,27.29,27.11,27.2,19979
2018-05-15,26.75,26.97,26.56,26.97,26118
2018-05-16,26.97,27.39,26.97,27.38,20354
2018-05-17,27.4,27.58,27.33,27.37,30856
2018-05-18,27.19,27.21,27.05,27.15,10556
2018-05-21,27.49,27.49,27.25,27.34,31169
2018-05-22,27.44,27.6,27.43,27.51,96445
2018-05-23,27.06,27.06,26.62,26.86,34568
2018-05-24,26.67,26.71,26.31,26.47,10899
2018-05-25,26.22,26.22,25.94,26,18052
2018-05-29,25.68,25.88,25.18,25.18,54133
2018-05-30,25.35,25.79,25.3,25.79,61640
2018-05-31,25.81,25.96,25.5,25.67,36177
2018-06-01,25.83,26.18,25.83,25.91,21206
2018-06-04,26.25,26.49,25.95,26.26,47320
2018-06-05,26.49,26.9,26.44,26.8,78435
2018-06-06,27.19,27.6,27.07,27.51,53637
2018-06-07,27.89,27.89,27.18,27.38,94710
2018-06-08,27.12,27.29,27,27.17,40406
2018-06-11,27.27,27.27,27.17,27.22,28887
2018-06-12,26.98,27.05,26.8,27.05,22565
2018-06-13,27,27.1,26.8,26.84,16428
2018-06-14,26.81,26.81,26.4,26.43,27297
2018-06-15,26.05,26.06,25.55,25.73,29938
2018-06-18,25.35,25.61,25.18,25.61,43063
2018-06-19,25,25,24.56,24.77,173339
2018-06-20,24.91,24.91,24.62,24.75,18995
2018-06-21,24.6,24.85,24.33,24.64,44504
2018-06-22,24.98,25.23,24.83,24.91,31405
2018-06-25,24.62,24.62,23.9,24.11,42170
2018-06-26,24.04,24.19,23.94,24.09,56031
2018-06-27,24,24.21,23.67,23.67,19785
2018-06-28,23.6,23.8,23.31,23.58,25404
2018-06-29,23.78,24.22,23.78,24.12,26185
2018-07-02,24.01,24.01,23.71,23.89,17850
2018-07-03,24.08,24.1,23.6,23.62,48673
2018-07-05,23.68,23.7,23.4,23.66,21717
2018-07-06,23.48,23.78,23.43,23.77,28194
2018-07-09,24.09,24.46,24.09,24.4,54786
2018-07-10,24.46,24.46,24.25,24.38,44945
2018-07-11,23.53,23.58,23.2,23.23,55547
2018-07-12,23.45,23.6,23.3,23.47,46264
2018-07-13,23.47,23.48,23.25,23.46,37439
2018-07-16,23.4,23.4,23.13,23.3,17587
2018-07-17,23.3,23.53,23.3,23.5,22679
2018-07-18,23.31,23.62,23.26,23.6,19383
2018-07-19,23.28,23.28,22.8,22.9,39720
2018-07-20,22.97,23.11,22.93,23.07,132896
2018-07-23,23.04,23.05,22.99,23.03,27847
2018-07-24,23.58,24,23.58,23.79,70444
2018-07-25,23.84,24.1,23.6,24.04,23484
2018-07-26,23.85,23.93,23.7,23.9,32078
2018-07-27,23.97,23.97,23.7,23.75,26645
2018-07-30,23.82,23.9,23.75,23.78,14585
2018-07-31,23.92,24.23,23.91,24.18,16320
2018-08-01,24.02,24.04,23.51,23.55,40089
2018-08-02,22.86,22.86,22.5,22.83,32430
2018-08-03,22.85,22.98,22.74,22.89,20470
2018-08-06,22.76,22.76,22.62,22.74,108493
2018-08-07,23.06,23.14,22.81,22.81,20015
2018-08-08,22.8,22.8,22.68,22.77,13131
2018-08-09,23.02,23.08,22.88,22.96,10060
2018-08-10,22.61,22.61,22.12,22.43,194120
2018-08-13,22.32,22.32,22.06,22.11,194717
2018-08-14,22.06,22.06,21.75,21.82,44835
2018-08-15,21.26,21.33,20.41,20.74,49063
2018-08-16,20.85,21.09,20.85,20.95,174635
2018-08-17,20.85,21.04,20.64,20.96,121457
2018-08-20,21.09,21.25,20.99,21.08,46821
2018-08-21,21.26,21.48,21.24,21.4,27328
2018-08-22,21.45,21.6,21.43,21.6,12296
2018-08-23,21.41,21.41,21.08,21.12,350883
2018-08-24,21.39,21.61,21.34,21.55,38147
2018-08-27,21.78,22.15,21.78,22.11,62925
2018-08-28,22.28,22.39,22.09,22.13,14520
2018-08-29,22.09,22.23,22.02,22.21,20740
2018-08-30,21.93,21.93,21.6,21.64,23459
2018-08-31,21.41,21.47,21.31,21.31,10373
2018-09-04,20.99,20.99,20.53,20.74,31005
2018-09-05,20.79,20.93,20.75,20.88,10883
2018-09-06,20.9,21,20.62,20.69,22513
2018-09-07,20.45,20.58,20.21,20.38,22600
2018-09-10,20.42,20.42,20.23,20.28,7438
2018-09-11,20.12,20.2,19.85,20.09,32156
2018-09-12,20.15,20.69,20.15,20.63,16330
2018-09-13,21.07,21.25,20.79,20.87,19738
2018-09-14,20.92,20.98,20.73,20.83,11999
2018-09-17,20.84,20.98,20.84,20.84,4606
2018-09-18,21.14,21.33,21.1,21.27,20247
2018-09-19,21.48,21.99,21.48,21.87,194902
2018-09-20,22.26,22.35,22.21,22.3,19046
2018-09-21,22.5,22.84,22.5,22.72,62845
2018-09-24,22.79,22.79,22.27,22.39,25172
2018-09-25,22.53,22.58,22.28,22.38,44888
2018-09-26,22.32,22.54,22.11,22.21,100018
2018-09-27,22.08,22.08,21.83,22.02,37196
2018-09-28,22.06,22.28,22.06,22.09,41600
2018-10-01,22.23,22.3,22.12,22.24,18758
2018-10-02,22.22,22.35,22.2,22.2,8340
2018-10-03,22.39,22.39,22.24,22.28,6588
2018-10-04,22.26,22.26,21.75,21.93,49814
2018-10-05,21.77,21.77,21.28,21.45,50968
2018-10-08,21.12,21.17,20.96,21.15,20544
2018-10-09,21.01,21.14,20.81,21.13,25934
2018-10-10,20.94,20.94,20.32,20.32,34046
2018-10-11,20.31,20.53,20.2,20.41,17034
2018-10-12,20.87,20.88,20.46,20.66,172514
2018-10-15,20.7,20.9,20.6,20.76,15500
2018-10-16,20.86,20.94,20.68,20.86,17676
2018-10-17,20.75,20.75,20.59,20.64,6811
2018-10-18,20.34,20.34,19.84,19.99,36510
2018-10-19,20.19,20.19,19.89,19.96,18549
2018-10-22,20.14,20.14,20,20.02,5355
2018-10-23,19.59,19.6,19.14,19.5,29031
2018-10-24,19.42,19.45,18.56,18.62,20466
2018-10-25,18.82,18.88,18.73,18.73,106827
2018-10-26,18.41,18.89,18.12,18.8,14177
2018-10-29,19.03,19.09,18.33,18.33,13237
2018-10-30,18.58,18.89,18.43,18.82,30169
2018-10-31,19.03,19.35,18.96,19.32,52834
2018-11-01,19.73,20.37,19.72,20.36,38671
2018-11-02,20.76,21.09,20.47,20.59,31333
2018-11-05,20.75,20.75,20.45,20.59,14212
2018-11-06,20.45,20.53,20.26,20.33,14022
2018-11-07,20.66,20.94,20.52,20.71,24057
2018-11-08,20.56,20.65,20.29,20.35,12682
2018-11-09,19.92,20.08,19.59,19.75,34510
2018-11-12,19.55,19.64,19.29,19.29,27846
2018-11-13,19.5,19.81,19.38,19.54,21395
2018-11-14,19.59,19.71,19.39,19.54,26291
2018-11-15,19.58,20.16,19.58,20,15879
2018-11-16,20,20.19,20,20.14,22675
2018-11-19,20.12,20.3,19.87,19.95,6198
2018-11-20,19.62,19.86,19.17,19.24,14936
2018-11-21,19.51,19.95,19.44,19.74,13225
2018-11-23,19.38,19.52,19.12,19.13,12751
2018-11-26,19.14,19.48,19.13,19.13,11329
2018-11-27,19.01,19.1,18.85,18.96,5751
2018-11-28,19.11,19.48,18.95,19.48,10960
2018-11-29,19.66,19.79,19.66,19.72,8299
2018-11-30,19.55,19.75,19.5,19.74,24042
2018-12-03,20.51,20.89,20.39,20.64,24179
2018-12-04,20.64,20.64,20.02,20.03,13133
2018-12-06,19.35,19.41,19.1,19.41,12025
2018-12-07,19.43,19.71,19.3,19.3,2558
2018-12-10,19.09,19.09,18.69,18.89,23185
2018-12-11,19.27,19.59,19.07,19.15,13488
2018-12-12,19.38,19.72,19.37,19.58,4167
2018-12-13,19.61,19.61,19.38,19.47,6830
2018-12-14,19.14,19.33,18.95,19.12,10440
2018-12-17,19.23,19.28,18.95,18.96,10755
2018-12-18,19.08,19.13,18.88,18.91,58500
2018-12-19,19.01,19.25,18.47,18.6,11915
2018-12-20,18.41,18.68,18.31,18.43,29825
2018-12-21,18.32,18.54,18.08,18.14,48241
2018-12-24,18.07,18.39,18.07,18.21,4327
2018-12-26,18.24,18.7,18,18.57,30223
2018-12-27,18.22,18.64,18.22,18.63,46336
2018-12-28,18.38,18.41,18.15,18.16,14528
2018-12-31,18.46,18.46,18.18,18.31,48791
2019-01-02,18,18.29,17.55,18.2,42864
2019-01-03,17.96,17.96,17.52,17.67,44357
2019-01-04,18,18.67,18,18.6,17044
2019-01-07,18.7,18.85,18.63,18.75,10658
2019-01-08,18.84,19.09,18.76,18.84,15112
2019-01-09,19.08,19.27,19.08,19.16,7754
2019-01-10,19.14,19.23,19.1,19.23,11914
2019-01-11,19.09,19.24,18.9,19.16,3927
2019-01-14,19.22,19.22,19.02,19.08,34662
2019-01-15,19.24,19.24,19.04,19.04,20138
2019-01-16,19.11,19.4,19.11,19.27,28847
2019-01-17,19.24,19.64,19.22,19.59,10661
2019-01-18,19.76,19.95,19.68,19.68,29523
2019-01-22,19.2,19.2,18.86,18.88,12678
2019-01-23,19.06,19.26,18.91,18.94,5839
2019-01-24,18.96,19.09,18.85,18.93,11839
2019-01-25,19.24,19.66,19.24,19.57,11972
2019-01-28,19.26,19.45,19.18,19.45,28299
2019-01-29,19.6,19.72,19.52,19.62,7506
2019-01-30,19.79,20.22,19.79,20.13,72155
2019-01-31,20.32,20.6,20.3,20.49,17709
2019-02-01,20.4,20.47,20.24,20.34,18891
2019-02-04,20.15,20.37,19.99,20.37,15251
2019-02-05,20.47,20.51,20.4,20.48,8619
2019-02-06,20.46,20.72,20.46,20.59,60175
2019-02-07,20.48,20.48,20.2,20.28,9183
2019-02-08,20.22,20.22,20.07,20.13,47076
2019-02-11,19.95,19.98,19.66,19.85,7832
2019-02-12,20.02,20.02,19.88,19.94,24435
2019-02-13,20.17,20.29,20.03,20.13,252425
2019-02-14,19.98,20.25,19.91,20.25,9272
2019-02-15,20.39,20.62,20.39,20.54,20834
2019-02-19,20.66,21.25,20.66,21.21,110145
2019-02-20,21.55,22,21.55,21.87,164169
2019-02-21,21.83,21.85,21.51,21.62,111758
2019-02-22,21.84,22.31,21.84,22.25,241710
2019-02-25,22.52,22.67,22.42,22.52,140062
2019-02-26,22.49,22.65,22.46,22.58,329796
2019-02-27,22.42,22.54,22.08,22.19,76028
2019-02-28,22.05,22.05,21.76,21.82,29901
2019-03-01,21.97,22.1,21.75,21.76,19315
2019-03-04,21.83,21.94,21.6,21.86,132087
2019-03-05,21.81,21.92,21.72,21.85,37502
2019-03-06,22,22.15,21.76,21.78,24174
2019-03-07,21.65,21.69,21.17,21.23,60240
2019-03-08,20.88,20.94,20.7,20.82,24951
2019-03-11,20.93,21.19,20.93,21.16,130881
2019-03-12,21.3,21.6,21.27,21.41,33165
2019-03-13,21.52,21.73,21.39,21.45,33195
2019-03-14,21.47,21.47,21.2,21.25,21434
2019-03-15,21.37,21.41,21.16,21.36,27518
2019-03-18,21.46,21.66,21.45,21.59,11031
2019-03-19,21.86,21.99,21.77,21.79,14564
2019-03-20,21.77,21.97,21.55,21.83,20484
2019-03-21,21.88,22.13,21.86,22.08,84970
2019-03-22,21.82,21.83,21.28,21.33,33328
2019-03-25,21.19,21.45,21.15,21.28,10250
2019-03-26,21.43,21.6,21.43,21.54,63566
2019-03-27,21.53,21.54,21.28,21.4,21007
2019-03-28,21.47,21.57,21.35,21.45,9845
2019-03-29,21.88,21.99,21.77,21.86,41805
2019-04-01,22.35,22.49,22.35,22.43,139476
2019-04-02,22.55,22.55,22.33,22.5,22654
2019-04-03,22.73,22.9,22.54,22.63,182359
2019-04-04,22.56,22.78,22.55,22.78,28118
2019-04-05,22.88,22.89,22.74,22.88,27699
2019-04-08,22.94,23.14,22.9,23.12,63994
2019-04-09,23.08,23.08,22.89,22.93,111829
2019-04-10,22.93,23.11,22.93,22.99,19922
2019-04-11,22.84,22.86,22.58,22.65,20445
2019-04-12,23.1,23.22,23.05,23.07,14488
2019-04-15,23.06,23.07,22.92,23.03,12900
2019-04-16,23.04,23.2,22.95,23.12,21866
2019-04-17,23.3,23.54,23.3,23.49,82498
2019-04-18,23.37,23.41,23.01,23.28,80961
2019-04-22,23.2,23.2,22.94,23.05,15943
2019-04-23,22.71,22.8,22.68,22.77,44452
2019-04-24,22.6,22.6,22.29,22.39,16828
2019-04-25,22.12,22.21,21.92,21.99,67814
2019-04-26,21.88,22.09,21.88,22,23026
2019-04-29,21.99,22.01,21.86,21.89,23237
2019-04-30,21.68,21.69,21.52,21.58,17503
2019-05-01,21.51,21.56,21.1,21.12,19059
2019-05-02,20.9,20.98,20.68,20.75,37580
2019-05-03,20.94,21.27,20.94,21.24,54224
2019-05-06,20.52,20.8,20.51,20.79,35823
2019-05-07,20.49,20.49,20.05,20.19,20555
2019-05-08,19.97,20.17,19.93,20.13,221372
2019-05-09,19.76,19.89,19.61,19.86,107335
2019-05-10,19.85,20.05,19.62,19.98,144371
2019-05-13,19.53,19.59,19.09,19.16,41484
2019-05-14,19.41,19.55,19.35,19.45,10433
2019-05-15,19.35,19.53,19.35,19.48,11300
2019-05-16,19.66,19.86,19.55,19.55,15103
2019-05-17,19.33,19.4,19.17,19.25,10387
2019-05-20,19.02,19.08,19,19.04,18542
2019-05-21,19.25,19.25,19.11,19.11,3663
2019-05-22,19,19.02,18.54,18.62,29467
2019-05-23,18.25,18.36,18.01,18.23,167127
2019-05-24,18.43,18.51,18.28,18.37,119669
2019-05-28,18.61,18.83,18.49,18.49,15614
2019-05-29,18.42,18.55,18.29,18.53,18966
2019-05-30,18.56,18.58,18.34,18.44,321492
2019-05-31,18.17,18.45,18.16,18.4,9579
2019-06-03,18.48,18.74,18.43,18.71,32176
2019-06-04,18.84,19.19,18.71,19.19,92772
2019-06-05,19.18,19.18,18.73,18.88,34597
2019-06-06,18.89,19,18.77,18.91,5097
2019-06-07,19.06,19.24,18.98,19.13,18143
2019-06-10,19.31,19.41,19.29,19.29,33413
2019-06-11,19.75,19.92,19.75,19.82,20386
2019-06-12,19.7,19.76,19.62,19.69,24617
2019-06-13,19.74,19.83,19.62,19.74,7884
2019-06-14,19.71,19.71,19.5,19.52,34423
2019-06-17,19.51,19.59,19.34,19.52,140147
2019-06-18,19.85,20.23,19.85,20.23,135112
2019-06-19,20.25,20.25,20.06,20.22,12427
2019-06-20,20.56,20.91,20.56,20.7,21144
2019-06-21,20.72,20.9,20.72,20.87,21088
2019-06-24,20.87,20.97,20.75,20.94,66428
2019-06-25,20.94,20.98,20.76,20.76,8524
2019-06-26,20.9,20.99,20.81,20.99,20108
2019-06-27,20.78,20.84,20.7,20.75,16253
2019-06-28,20.8,20.85,20.75,20.8,21329
2019-07-01,21.1,21.25,20.85,20.9,22454
2019-07-02,20.89,20.9,20.7,20.9,22634
2019-07-03,20.89,20.89,20.74,20.79,9815
2019-07-05,20.45,20.5,20.13,20.34,45662
2019-07-08,20.27,20.27,20.14,20.2,9772
2019-07-09,19.9,19.9,19.58,19.6,23914
2019-07-10,19.89,19.89,19.68,19.79,10160
2019-07-11,19.8,19.85,19.6,19.83,38296
2019-07-12,19.85,19.91,19.76,19.8,16687
2019-07-15,19.89,19.98,19.89,19.95,11736
2019-07-16,19.83,19.88,19.65,19.75,16899
2019-07-17,19.74,19.78,19.62,19.67,40616
2019-07-18,19.68,19.72,19.55,19.66,27569
2019-07-19,19.86,20.2,19.86,20.02,58383
2019-07-22,20.18,20.24,20.02,20.03,22227
2019-07-23,20.05,20.14,19.94,20,11350
2019-07-24,20.03,20.05,19.75,19.98,26383
2019-07-25,20.03,20.04,19.7,19.7,20271
2019-07-26,19.65,19.75,19.53,19.55,21138
2019-07-29,19.51,19.54,19.26,19.47,39791
2019-07-30,19.29,19.35,19.1,19.31,38840
2019-07-31,19.32,19.45,18.99,19.02,48314
2019-08-01,18.71,18.73,18.2,18.24,38514
2019-08-02,18,18.05,17.7,17.79,33002
2019-08-05,17.28,17.37,17.1,17.21,38273
2019-08-06,17.38,17.38,17.02,17.13,17725
2019-08-07,17.02,17.09,16.84,17.09,22074
2019-08-08,17.16,17.54,17.16,17.5,36810
2019-08-09,17.41,17.41,17,17,27738
2019-08-12,16.88,16.88,16.7,16.72,49853
2019-08-13,16.65,17.24,16.64,17.1,58686
2019-08-14,16.71,16.71,16.5,16.5,21106
2019-08-15,16.42,16.45,16.15,16.24,20756
2019-08-16,16.29,16.3,16.15,16.21,15373
2019-08-19,16.44,16.57,16.39,16.43,39291
2019-08-20,16.33,16.33,16.25,16.31,11198
2019-08-21,16.41,16.41,16.3,16.33,43809
2019-08-22,16.22,16.41,16.1,16.15,13650
2019-08-23,16.04,16.22,15.85,15.85,47110
2019-08-26,16.05,16.05,15.87,15.87,19642
2019-08-27,16,16.07,15.9,15.92,54870
2019-08-28,15.98,16.13,15.83,16.08,32756
2019-08-29,16.25,16.43,16.25,16.32,34218
2019-08-30,16.45,16.6,16.45,16.55,41370
2019-09-03,16.16,16.24,16.05,16.24,20999
2019-09-04,16.5,16.63,16.48,16.58,37040
2019-09-05,16.81,17.15,16.81,17.09,53253
2019-09-06,17.26,17.31,17.1,17.17,35364
2019-09-09,17.2,17.26,17.13,17.26,11596
2019-09-10,17.29,17.55,17.27,17.54,37449
2019-09-11,17.67,17.69,17.56,17.64,20886
2019-09-12,17.72,17.98,17.6,17.95,85697
2019-09-13,18.17,18.4,18.16,18.3,64421
2019-09-16,18.12,18.25,17.96,18.12,50826
2019-09-17,17.84,17.92,17.56,17.87,58684
2019-09-18,17.81,17.91,17.63,17.7,37710
2019-09-19,17.67,17.91,17.67,17.76,63698
2019-09-20,17.91,17.94,17.83,17.9,49207
2019-09-23,17.72,17.72,17.42,17.61,47581
2019-09-24,17.67,17.82,17.35,17.45,23438
2019-09-25,17.31,17.54,17.21,17.54,20503
2019-09-26,17.56,17.56,17.16,17.21,10237
2019-09-27,17.13,17.33,17.13,17.24,40501
2019-09-30,17.28,17.33,17.11,17.11,12619
2019-10-01,17.1,17.1,16.64,16.75,18452
2019-10-02,16.59,16.62,16.31,16.35,40312
2019-10-03,16.27,16.47,16.18,16.46,15975
2019-10-04,16.35,16.5,16.34,16.44,21008
2019-10-07,16.43,16.56,16.4,16.4,19219
2019-10-08,16.38,16.38,16.17,16.26,15433
2019-10-09,16.39,16.39,16.16,16.2,16875
2019-10-10,16.34,16.66,16.34,16.64,34610
2019-10-11,16.93,17.25,16.93,17.17,62904
2019-10-14,17.08,17.15,17.03,17.13,9674
2019-10-15,17.19,17.19,17,17.11,16938
2019-10-16,17,17.08,16.89,17.05,9836
2019-10-17,17.1,17.31,17.1,17.15,17061
2019-10-18,17.21,17.29,17.13,17.21,30263
2019-10-21,17.29,17.6,17.29,17.43,35873
2019-10-22,17.4,17.44,17.27,17.33,16936
2019-10-23,17.36,17.53,17.33,17.49,10800
2019-10-24,17.7,17.7,17.26,17.36,30280
2019-10-25,17.42,17.65,17.42,17.64,69014
2019-10-28,17.74,17.96,17.74,17.9,53088
2019-10-29,17.78,18.03,17.69,18.01,52260
2019-10-30,18,18,17.64,17.82,27518
2019-10-31,17.75,17.75,17.39,17.48,34072
2019-11-01,17.46,18,17.46,17.92,29927
2019-11-04,18.17,18.46,18.17,18.41,64222
2019-11-05,18.58,18.86,18.5,18.82,111567
2019-11-06,18.83,18.85,18.68,18.72,21221
2019-11-07,18.89,19.08,18.89,19,68600
2019-11-08,18.95,18.95,18.74,18.95,140841
2019-11-11,18.78,18.78,18.57,18.66,30640
2019-11-12,18.64,18.64,18.38,18.42,55362
2019-11-13,18.27,18.28,18.1,18.17,23189
2019-11-14,18.07,18.14,18.01,18.05,15465
2019-11-15,18.2,18.38,18.16,18.29,375803
2019-11-18,18.32,18.32,18.18,18.24,42398
2019-11-19,18.51,18.61,18.32,18.32,48613
2019-11-20,18.36,18.39,18.11,18.16,53208
2019-11-21,18.1,18.15,17.99,18.08,45440
2019-11-22,18.17,18.22,18.1,18.11,36883
2019-11-25,18.26,18.4,18.26,18.3,41713
2019-11-26,18.32,18.4,18.21,18.31,20324
2019-11-27,18.42,18.5,18.29,18.38,36329
2019-11-29,18.21,18.21,18.03,18.13,41598
2019-12-02,18.17,18.17,18.02,18.05,26671
2019-12-03,17.64,17.95,17.57,17.77,34808
2019-12-04,17.85,18.18,17.85,18.1,15966
2019-12-05,18.19,18.19,18.07,18.12,11904
2019-12-06,18.35,18.54,18.35,18.44,31367
2019-12-09,18.56,18.68,18.54,18.63,45337
2019-12-10,18.66,18.75,18.61,18.75,19357
2019-12-11,18.81,19.31,18.81,19.21,828811
2019-12-12,19.4,19.81,19.22,19.81,748628
2019-12-13,19.95,20.24,19.73,19.77,251137
2019-12-16,20.23,20.45,20,20.03,129889
2019-12-17,20.11,20.11,19.78,19.82,394536
2019-12-18,19.8,19.83,19.71,19.79,130893
2019-12-19,19.75,19.91,19.73,19.86,92517
2019-12-20,19.91,19.92,19.62,19.7,30074
2019-12-23,19.6,19.71,19.6,19.65,43951
2019-12-24,19.85,19.89,19.75,19.8,13279
2019-12-26,19.97,20.07,19.9,20.05,96562
2019-12-27,20.16,20.43,20.16,20.2,119277
2019-12-30,20.29,20.41,20.23,20.36,57253
2019-12-31,20.3,20.36,20.26,20.32,43971
2020-01-02,20.42,20.8,20.42,20.71,70544
2020-01-03,20.41,20.42,20.12,20.13,83018
2020-01-06,20.1,20.13,19.84,20.02,74648
2020-01-07,20,20.15,19.9,20.13,78880
2020-01-08,20.07,20.13,19.95,20.01,44488
2020-01-09,20.01,20.01,19.85,19.9,41015
2020-01-10,19.93,20.16,19.88,20.07,84693
2020-01-13,20.1,20.5,20.07,20.5,106731
2020-01-14,20.5,20.6,20.5,20.55,49170
2020-01-15,20.41,20.41,20.11,20.2,95754
2020-01-16,20.29,20.47,20.11,20.17,45302
2020-01-17,20.24,20.42,20.19,20.36,58239
2020-01-21,20.18,20.18,19.64,19.7,100108
2020-01-22,19.64,19.66,19.52,19.53,54538
2020-01-23,19.25,19.29,18.68,19.02,132128
2020-01-24,19.02,19.02,18.72,18.8,37111
2020-01-27,18.14,18.14,17.94,17.96,123781
2020-01-28,17.97,18.19,17.88,18.12,48076
2020-01-29,18.19,18.31,18.1,18.12,31801
2020-01-30,17.9,18.09,17.75,17.92,37506
2020-01-31,17.74,17.77,17.45,17.49,52166
2020-02-03,17.47,17.58,17.35,17.46,38321
2020-02-04,17.97,18.3,17.97,18.26,72862
2020-02-05,18.66,18.68,18.54,18.58,60434
2020-02-06,18.5,18.68,18.43,18.48,59427
2020-02-07,18.25,18.25,17.82,17.82,69245
2020-02-10,17.77,17.87,17.6,17.86,46838
2020-02-11,18.07,18.46,18.07,18.24,43548
2020-02-12,18.62,18.93,18.62,18.9,86016
2020-02-13,18.69,18.69,18.51,18.64,38672
2020-02-14,18.7,18.8,18.53,18.59,14248
2020-02-18,18.47,18.47,18.21,18.3,50059
2020-02-19,18.3,18.45,18.3,18.4,32828
2020-02-20,18.3,18.46,18.15,18.19,76837
2020-02-21,18.14,18.14,17.84,17.88,70852
2020-02-24,16.92,17.11,16.75,17.01,81571
2020-02-25,17.05,17.1,16.39,16.55,76847
2020-02-26,16.47,16.7,16.4,16.41,38388
2020-02-27,16.2,16.2,15.6,15.8,223010
2020-02-28,15.31,15.6,15.06,15.6,81097
2020-03-02,15.57,16.07,15.5,16.06,41695
2020-03-03,16.14,16.4,15.7,15.73,51641
2020-03-04,16.11,16.11,15.82,15.98,10587
2020-03-05,15.65,15.75,15.51,15.61,26098
2020-03-06,15.18,15.33,15,15.1,29154
2020-03-09,14.04,14.09,13.16,13.16,64705
2020-03-10,14.05,14.2,13.6,14.14,593635
2020-03-11,13.76,13.76,13,13.04,301056
2020-03-12,12,12.1,11.27,11.58,68763
2020-03-13,12.41,12.88,11.73,12.73,30549
2020-03-16,11.6,11.6,10.41,10.51,166887
2020-03-17,11.52,12,11.07,11.74,45587
2020-03-18,10.96,11.1,10.12,10.48,70336
2020-03-19,10.38,10.92,10.01,10.73,71715
2020-03-20,11.13,11.41,10.35,10.46,54319
2020-03-23,10.4,10.4,9.62,9.68,478068
2020-03-24,10.5,11.24,10.47,11.15,87485
2020-03-25,11.49,12.2,11.21,11.91,98717
2020-03-26,11.91,12.12,11.81,12.06,57623
2020-03-27,11.73,11.88,11.4,11.52,25411
2020-03-30,11.36,11.52,11.12,11.39,33280
2020-03-31,11.54,12.25,11.54,11.83,78232
2020-04-01,11.38,11.68,11.1,11.2,58697
2020-04-02,11.38,11.85,11.34,11.5,68728
2020-04-03,11.64,11.68,11.25,11.38,44701
2020-04-06,11.77,12.17,11.77,12.04,70121
2020-04-07,12.84,13.02,12.6,12.68,117229
2020-04-08,12.77,12.97,12.6,12.93,64366
2020-04-09,13.31,13.48,13.21,13.4,87621
2020-04-13,13.43,13.58,13,13.43,60201
2020-04-14,13.87,14.22,13.51,14.05,97140
2020-04-15,13.51,13.51,13.05,13.2,60579
2020-04-16,13.2,13.2,13.04,13.13,32230
2020-04-17,13.53,13.7,13.35,13.54,58443
2020-04-20,13.42,13.73,13.29,13.34,38802
2020-04-21,13,13.04,12.71,12.87,78739
2020-04-22,13.24,13.42,13.19,13.38,16243
2020-04-23,13.52,13.88,13.47,13.65,18470
2020-04-24,13.81,13.92,13.71,13.86,31518
2020-04-27,13.83,14.04,13.67,13.99,22521
2020-04-28,14.22,14.25,13.98,14.05,38846
2020-04-29,14.64,15,14.64,15,73384
2020-04-30,14.67,14.77,14.34,14.54,53466
2020-05-01,14.06,14.19,13.9,13.92,44943
2020-05-04,13.76,13.9,13.75,13.84,21876
2020-05-05,14.09,14.22,14,14.05,82626
2020-05-06,14.19,14.25,13.9,13.95,69670
2020-05-07,14.18,14.3,14.05,14.28,36829
2020-05-08,14.49,14.72,14.45,14.59,33292
2020-05-11,14.34,14.5,14.29,14.49,123799
2020-05-12,14.53,14.58,14.15,14.15,35945
2020-05-13,14.09,14.2,13.75,13.87,54378
2020-05-14,13.67,13.8,13.27,13.8,35581
2020-05-15,13.86,14.1,13.68,14.04,29225
2020-05-18,14.53,15.11,14.53,15,65097
2020-05-19,15.06,15.23,14.85,15.06,34476
2020-05-20,15.32,15.41,15.04,15.33,59718
2020-05-21,15.3,15.31,14.9,15.06,46700
2020-05-22,15.01,15.01,14.67,14.83,28703
2020-05-26,15.24,15.47,15.12,15.39,101837
2020-05-27,15.49,15.5,15.2,15.48,31649
2020-05-28,15.7,15.7,15.44,15.49,66934
2020-05-29,15.67,15.7,15.35,15.55,33728
2020-06-01,15.69,16.12,15.69,16.12,33866
2020-06-02,16.25,16.58,16.15,16.5,122325
2020-06-03,16.61,16.94,16.61,16.78,90218
2020-06-04,16.76,16.94,16.61,16.88,58644
2020-06-05,17.2,17.5,17.15,17.33,119374
2020-06-08,17.45,17.82,17.33,17.49,84109
2020-06-09,17.31,17.51,17.01,17.3,51595
2020-06-10,17.5,17.63,17.27,17.5,48435
2020-06-11,16.83,16.83,15.91,16,155449
2020-06-12,16.68,16.78,16.25,16.48,67311
2020-06-15,15.95,16.6,15.76,16.46,36479
2020-06-16,17.07,17.07,16.64,16.66,63868
2020-06-17,16.82,16.82,16.51,16.56,33323
2020-06-18,16.45,16.62,16.43,16.47,94688
2020-06-19,16.71,16.85,16.52,16.59,111980
2020-06-22,16.75,17.05,16.75,16.97,45532
2020-06-23,17.13,17.49,17.13,17.45,54123
2020-06-24,17.29,17.36,16.75,16.96,159211
2020-06-25,17.04,17.3,16.87,17.28,68794
2020-06-26,17.25,17.35,16.89,17.05,116291
2020-06-29,17.11,17.24,16.99,17.14,26892
2020-06-30,17.18,17.69,17.15,17.64,188420
2020-07-01,17.64,17.74,17.59,17.7,46684
2020-07-02,17.97,18.1,17.8,17.85,103790
2020-07-06,18.5,18.75,18.33,18.75,167026
2020-07-07,18.59,18.87,17.85,18.59,113774
2020-07-08,18.82,19.1,18.72,19.07,124089
2020-07-09,19.33,19.53,19.05,19.31,141979
2020-07-10,19.29,19.39,19.01,19.34,74818
2020-07-13,19.95,20.23,19.63,19.69,256341
2020-07-14,19.65,19.78,19.27,19.77,121219
2020-07-15,20.01,20.1,19.66,19.81,55179
2020-07-16,19.52,19.64,19.3,19.39,82787
2020-07-17,19.58,19.73,19.49,19.69,37058
2020-07-20,19.88,20.15,19.86,20.08,91534
2020-07-21,20.27,20.28,20.13,20.16,68636
2020-07-22,20.24,20.38,20.16,20.33,132682
2020-07-23,20.35,20.64,20.25,20.29,113493
2020-07-24,20.23,20.23,19.8,20.03,81584
2020-07-27,20.32,20.69,20.32,20.6,130180
2020-07-28,20.49,20.57,20.29,20.41,82198
2020-07-29,20.5,20.5,20.29,20.5,106938
2020-07-30,20.2,20.2,19.74,19.92,97525
2020-07-31,20.01,20.01,19.7,19.83,52030
2020-08-03,20,20.27,19.88,20.13,48482
2020-08-04,20.1,20.4,20.08,20.4,32587
2020-08-05,20.64,21.38,20.57,21.23,185449
2020-08-06,21.38,21.65,21.24,21.62,551043
2020-08-07,21.48,21.48,20.86,21.06,167639
2020-08-10,21.06,21.2,21.04,21.18,72931
2020-08-11,21.18,21.2,20.81,20.97,122505
2020-08-12,21.14,21.15,20.9,21,70250
2020-08-13,20.89,21.05,20.81,20.92,110269
2020-08-14,20.95,20.95,20.75,20.82,48886
2020-08-17,21.26,21.59,21.26,21.52,104632
2020-08-18,21.76,21.88,21.53,21.6,82548
2020-08-19,21.84,22.12,21.84,21.98,117509
2020-08-20,21.64,21.9,21.54,21.71,90253
2020-08-21,21.48,21.48,21.2,21.29,58217
2020-08-24,21.46,21.6,21.14,21.22,74586
2020-08-25,21.29,21.53,20.78,20.88,54899
2020-08-26,20.91,21.43,20.91,21.35,68369
2020-08-27,21.46,21.46,20.91,21.09,212977
2020-08-28,21.48,21.9,21.4,21.85,219571
2020-08-31,22,22.24,21.96,22.21,209834
2020-09-01,22.31,22.69,22.25,22.65,112729
2020-09-02,22.82,22.82,22.35,22.6,86731
2020-09-03,22.44,22.46,21.55,21.7,175608
2020-09-04,22.01,22.33,21.65,22.24,76675
2020-09-08,21.9,21.9,21.28,21.45,214115
2020-09-09,21.74,22.35,21.74,22.26,156040
2020-09-10,22.16,22.3,21.6,21.62,141448
2020-09-11,21.86,22.19,21.86,22.09,72660
2020-09-14,22.37,22.37,22.09,22.29,82306
2020-09-15,22.45,22.5,22.3,22.37,62804
2020-09-16,22.4,22.7,22.39,22.58,73615
2020-09-17,22.25,22.63,22.09,22.63,67940
2020-09-18,22.76,22.9,22.63,22.64,119921
2020-09-21,22.05,22.31,21.42,21.68,149959
2020-09-22,21.65,21.67,21.2,21.38,80305
2020-09-23,21.21,21.24,20.35,20.36,284006
2020-09-24,20.11,20.5,20.01,20.43,117693
2020-09-25,20.37,20.5,20.23,20.45,60494
2020-09-28,20.82,20.82,20.47,20.58,120168
2020-09-29,20.6,20.67,20.3,20.43,59027
2020-09-30,20.35,20.77,20.35,20.72,60551
2020-10-01,20.79,20.79,20.47,20.6,75161
2020-10-02,20.3,20.72,20.21,20.71,88951
2020-10-05,20.72,21.04,20.72,21,46693
2020-10-06,21.13,21.17,20.37,20.5,94089
2020-10-07,20.66,21.13,20.66,20.97,129357
2020-10-08,21.11,21.25,20.95,21.16,39908
2020-10-09,21.35,21.5,21.35,21.5,56717
2020-10-12,21.5,21.5,21.32,21.32,104323
2020-10-13,21.24,21.26,21,21.06,80759
2020-10-14,21.23,21.34,21.1,21.26,30897
2020-10-15,20.96,21.18,20.83,21.18,35406
2020-10-16,21.25,21.28,21.06,21.2,56688
2020-10-19,21.31,21.57,21.2,21.23,21994
2020-10-20,21.4,21.85,21.37,21.84,73485
2020-10-21,22.01,22.49,22.01,22.37,144050
2020-10-22,22.27,22.37,22,22.3,72978
2020-10-23,22.48,22.48,22.15,22.44,52719
2020-10-26,22.32,22.32,21.7,21.91,121350
2020-10-27,21.95,22.06,21.7,21.9,43747
2020-10-28,21.5,21.61,21.07,21.19,186551
2020-10-29,21.14,21.56,21.01,21.47,136569
2020-10-30,21.36,21.56,21.21,21.5,36538
2020-11-02,21.73,21.87,21.64,21.72,141831
2020-11-03,22.19,22.48,22.13,22.48,129446
2020-11-04,22.33,22.35,21.89,22.19,101716
2020-11-05,22.6,22.85,22.3,22.84,258144
2020-11-06,23,23.5,23,23.4,119109
2020-11-09,24.5,24.66,23.71,23.82,213599
2020-11-10,23.86,23.93,23.6,23.61,205444
2020-11-11,23.65,23.69,23.4,23.51,106570
2020-11-12,23.54,23.82,23.48,23.52,82594
2020-11-13,23.66,23.94,23.66,23.94,90064
2020-11-16,24.58,24.94,24.57,24.86,183320
2020-11-17,24.81,24.93,24.53,24.89,133973
2020-11-18,24.97,25.06,24.87,24.87,131681
2020-11-19,24.58,24.8,24.5,24.71,143700
2020-11-20,24.94,25.38,24.93,25.33,99278
2020-11-23,25.72,26.03,25.44,25.66,245357
2020-11-24,26,26.59,25.95,26.51,238048
2020-11-25,26.42,26.45,26.15,26.3,165507
2020-11-27,26.65,27,26.5,26.94,256329
2020-11-30,27,27.28,26.79,26.94,263746
2020-12-01,27.28,27.67,27.28,27.5,269810
2020-12-02,27.68,27.8,27.25,27.79,245884
2020-12-03,28,28.36,28,28.26,251789
2020-12-04,28.62,29.14,28.5,29.13,346943
2020-12-07,29.06,29.12,28.6,28.64,299201
2020-12-08,28.52,28.65,28.12,28.51,223563
2020-12-09,28.72,28.86,28.05,28.41,164550
2020-12-10,28.33,29.02,28.33,28.95,195508
2020-12-11,28.75,28.87,28.26,28.4,246024
2020-12-14,28.61,28.85,28.2,28.28,127963
2020-12-15,28.47,28.85,28.29,28.85,88689
2020-12-16,29,29.09,28.77,29.02,111507
2020-12-17,29.34,29.9,29.34,29.9,284704
2020-12-18,30.05,30.06,29.7,29.77,209278
2020-12-21,29.3,29.74,29,29.7,171975
2020-12-22,29.39,29.39,28.86,28.93,253394
2020-12-23,29.22,29.84,29.22,29.81,135446
2020-12-24,29.86,30,29.81,29.93,50133
2020-12-28,30.27,30.64,30.23,30.29,203414
2020-12-29,30.43,30.43,29.88,30.19,182820
2020-12-30,30.07,30.58,30.04,30.47,200186
2020-12-31,30.62,30.95,30.32,30.36,119327
2021-01-04,31.48,32,31.45,31.81,652582
2021-01-05,32.02,32.56,32.02,32.52,412468
2021-01-06,33.05,33.49,33.05,33.1,504208
2021-01-07,34,34.4,33.94,34.4,409383
2021-01-08,34.36,34.46,33.38,33.9,680020
2021-01-11,33.05,33.13,32.29,32.61,479115
2021-01-12,32.73,33.3,32.57,33.24,341900
2021-01-13,33.29,33.38,32.65,32.72,217486
2021-01-14,32.9,33.23,32.79,33,237059
2021-01-15,32.75,32.81,31.7,32.02,411011
2021-01-19,32.24,32.52,32.03,32.43,369269
2021-01-20,33.14,33.2,32.81,33,254526
2021-01-21,33.29,33.5,32.86,33.05,296301
2021-01-22,32.46,32.5,32.01,32.4,283857
2021-01-25,32.4,32.5,31.41,31.8,332948
2021-01-26,31.72,31.77,31.03,31.29,240099
2021-01-27,30.41,30.46,29.21,29.76,542856
2021-01-28,30.26,30.87,30,30.76,509252
2021-01-29,30.73,30.73,29.7,29.7,325790
2021-02-01,30.81,31.58,30.74,31.51,883930
2021-02-02,31.52,31.82,30.89,31.15,476442
2021-02-03,31.27,31.65,31.04,31.41,288561
2021-02-04,31.46,31.5,31.1,31.27,279218
2021-02-05,31.32,31.99,31.3,31.96,272643
2021-02-08,32.3,33.11,32.3,33.04,513902
2021-02-09,33.34,33.5,33.17,33.43,560826
2021-02-10,34.32,34.55,33.59,34.06,607191
2021-02-11,34.2,34.45,33.89,34.16,340006
2021-02-12,34,34.34,33.7,34.16,405001
2021-02-16,35.66,36.51,35.63,36.24,557249
2021-02-17,36.41,36.91,36.16,36.82,549355
2021-02-18,37.15,37.33,36.7,37.16,1131905
2021-02-19,38.25,39.48,38.25,39.34,1557707
2021-02-22,40.84,41.05,40.01,40.34,1729207
2021-02-23,39.7,40.52,38.5,40.49,1493894
2021-02-24,39.85,40.28,39.14,40.2,897265
2021-02-25,40.3,40.4,38.33,38.45,931371
2021-02-26,38,38.1,36.65,36.98,925200
2021-03-01,37.74,38.1,37.46,37.9,828210
2021-03-02,37.58,38.1,37.22,37.88,927421
2021-03-03,37.96,38.49,37.66,38.01,905679
2021-03-04,37.41,37.41,34.92,35.36,1537889
2021-03-05,35.93,36.48,35.07,36.39,580867
2021-03-08,36.32,36.63,35.59,36.21,722568
2021-03-09,36.38,36.7,35.78,36.31,579955
2021-03-10,36.39,36.62,35.99,36.4,732085
2021-03-11,37.36,38.48,37.2,38.35,921526
2021-03-12,37.76,38.07,37.34,38.07,320702
2021-03-15,38.07,38.1,37.46,37.9,411790
2021-03-16,37.81,37.81,37.1,37.13,332163
2021-03-17,37.06,37.81,36.7,37.55,251114
2021-03-18,37.55,37.67,36.64,36.76,325954
2021-03-19,36.49,36.49,35.75,36.21,439269
2021-03-22,36.21,36.61,36.01,36.46,300369
2021-03-23,35.83,35.85,34.36,34.51,838535
2021-03-24,34.63,34.79,33.9,33.96,554930
2021-03-25,33.48,33.9,32.85,33.73,488026
2021-03-26,34.4,35.38,34.4,35.24,348258
2021-03-29,35.19,35.26,34.79,35.07,455516
2021-03-30,34.86,35.5,34.76,35.34,190114
2021-03-31,35.53,35.69,35.32,35.56,280712
2021-04-01,36,36.44,35.75,36.41,347903
2021-04-05,36.93,37.7,36.85,37.45,750427
2021-04-06,37.5,37.9,37.28,37.71,543903
2021-04-07,37.58,37.65,37,37.32,271260
2021-04-08,37.53,37.94,37.4,37.87,532872
2021-04-09,37.63,37.68,37.32,37.48,148371
2021-04-12,37.22,37.26,36.01,36.08,390270
2021-04-13,36.32,36.85,36.16,36.79,418339
2021-04-14,37.28,38.54,37.26,38.32,1225162
2021-04-15,39.12,39.83,39,39.79,1205413
2021-04-16,40,40.02,39.41,39.74,606347
2021-04-19,40.02,40.3,39.3,39.54,669025
2021-04-20,39.5,39.64,38.19,38.34,615913
2021-04-21,38.21,39,37.76,38.97,524424
2021-04-22,39,39.01,37.92,38.3,361575
2021-04-23,38.76,39.27,38.68,39.22,855801
2021-04-26,39.94,40.65,39.8,40.61,1186753
2021-04-27,40.75,40.84,40.33,40.51,669062
2021-04-28,40.37,40.8,40.02,40.64,426345
2021-04-29,41.29,41.76,40.03,40.57,632519
2021-04-30,40.38,40.49,39.36,39.46,792795
2021-05-03,39.83,40.2,39.7,40,533637
2021-05-04,40.25,40.58,39.8,40.51,835795
2021-05-05,41,42.08,40.93,42.05,1170096
2021-05-06,42.39,42.83,42,42.8,1307011
2021-05-07,43.45,44.36,43.25,44.33,1871758
2021-05-10,46.05,46.96,44.9,45,3672563
2021-05-11,44.01,45.15,43.03,45,1559960
2021-05-12,44.79,44.8,43.03,43.17,1619428
2021-05-13,42.76,43.17,41.27,41.9,1391818
2021-05-14,41.71,42.19,41.4,41.99,1658849
2021-05-17,42,42.51,41.67,42.46,1070368
2021-05-18,43,43.44,42.61,42.87,872493
2021-05-19,41.68,41.7,40.31,40.69,1475979
2021-05-20,40.73,40.8,40.22,40.48,865323
2021-05-21,40.87,40.99,39.55,39.98,715976
2021-05-24,39.84,40.01,39.56,39.96,524629
2021-05-25,40.01,40.03,39.15,39.36,748739
2021-05-26,39.37,39.95,39.27,39.89,718177
2021-05-27,40.3,41.49,40.3,41.37,1157206
2021-05-28,41.42,41.49,40.9,41.24,855867
2021-06-01,41.95,42.26,41.79,41.93,1217470
2021-06-02,41.99,42.15,41.3,41.42,766526
2021-06-03,40.73,40.9,40.08,40.31,1460710
2021-06-04,40.85,41.15,40.51,41.01,515337
2021-06-07,40.91,40.94,39.81,40.09,743063
2021-06-08,40.06,40.14,39.57,39.93,542085
2021-06-09,39.95,39.99,39.63,39.74,324434
2021-06-10,39.76,39.95,39.46,39.66,406228
2021-06-11,40.1,40.6,40,40.04,247409
2021-06-14,39.91,40,39.36,39.51,518475
2021-06-15,38.57,38.57,36.91,37.75,1332464
2021-06-16,37.03,37.23,36.46,36.68,881341
2021-06-17,36.25,36.3,34.46,34.9,3587886
2021-06-18,34.86,35.15,34.56,34.67,1178624
2021-06-21,35.13,35.99,35.07,35.95,837876
2021-06-22,36.12,36.55,35.59,36.45,777709
2021-06-23,37.01,37.49,37,37.15,757068
2021-06-24,37.22,37.48,36.91,37.34,514975
2021-06-25,37.71,37.97,37.68,37.74,498817
2021-06-28,37.65,37.67,37.09,37.23,522926
2021-06-29,36.97,37.21,36.27,36.87,437972
2021-06-30,36.98,37.35,36.87,37.15,354094
2021-07-01,37.34,37.56,36.8,36.98,233286
2021-07-02,37.15,37.27,36.58,37.21,421662
2021-07-06,37.45,37.45,35.87,36.23,825361
2021-07-07,36.91,37.35,36.46,37,521024
2021-07-08,35.89,36.24,35.42,36.18,493545
2021-07-09,37.22,37.68,36.88,37.6,675328
2021-07-12,37.3,37.69,36.92,37.6,512374
2021-07-13,37.35,37.71,36.82,37.05,434519
2021-07-14,37.17,37.4,36.27,36.52,389528
2021-07-15,36.6,37.2,36.28,36.69,496510
2021-07-16,36.55,36.55,35.13,35.2,439422
2021-07-19,34.13,34.15,33.42,33.71,2716644
2021-07-20,33.75,34.35,33.35,34.09,610226
2021-07-21,34.53,35.54,34.47,35.51,462472
2021-07-22,35.78,35.89,35.43,35.74,337137
2021-07-23,36,36.09,35.58,36.07,245475
2021-07-26,36.4,37.29,36.26,37.07,539993
2021-07-27,36.86,37.05,36.5,36.99,779874
2021-07-28,36.9,37.44,36.68,37.37,445152
2021-07-29,37.96,38.8,37.81,38.46,1011474
2021-07-30,38.32,38.59,37.71,37.85,520081
2021-08-02,38.67,38.79,37.86,37.92,494875
2021-08-03,37.75,37.92,37.11,37.84,502728
2021-08-04,37.79,37.79,37.23,37.27,537160
2021-08-05,37.24,37.6,37.05,37.2,246943
2021-08-06,37.35,37.66,37.12,37.23,270669
2021-08-09,37,37.04,36.62,36.86,401466
2021-08-10,36.88,37.55,36.66,37.5,396255
2021-08-11,37.71,38.21,37.59,38.2,341767
2021-08-12,38.08,38.08,37.35,37.85,230895
2021-08-13,38.18,38.54,38.09,38.37,227691
2021-08-16,37.81,37.81,36.9,37.29,637999
2021-08-17,36.68,36.68,35.37,35.64,797893
2021-08-18,35.44,35.47,34.91,34.94,261954
2021-08-19,33.79,33.83,33.1,33.23,752084
2021-08-20,33.04,33.23,32.88,33.22,464203
2021-08-23,33.95,34.69,33.84,34.58,439772
2021-08-24,35.09,35.54,35.04,35.41,327713
2021-08-25,35.64,35.68,35.36,35.57,187554
2021-08-26,35.44,35.6,35.05,35.2,133465
2021-08-27,35.48,36.75,35.39,36.67,298713
2021-08-30,37.12,37.38,36.71,36.95,510576
2021-08-31,36.97,37.1,36.58,36.92,214089
2021-09-01,36.44,36.85,36.2,36.68,640270
2021-09-02,36.66,37.38,36.58,37.12,203089
2021-09-03,37.31,37.87,37.31,37.73,233412
2021-09-07,37.56,37.81,37.11,37.38,237374
2021-09-08,37.07,37.07,36.02,36.18,515776
2021-09-09,36.5,36.72,36.07,36.52,301717
2021-09-10,37.25,37.88,37.16,37.21,653544
2021-09-13,37.77,37.9,37.29,37.58,221492
2021-09-14,37.46,37.48,36.76,37.09,207425
2021-09-15,37.1,37.9,37.1,37.86,264913
2021-09-16,36.76,36.89,35.94,36.29,479614
2021-09-17,36.13,36.28,34.88,35.13,459503
2021-09-20,33.55,33.91,32.92,33.45,990098
2021-09-21,33.89,33.9,33.11,33.49,271354
2021-09-22,34.28,34.87,34.27,34.32,1089876
2021-09-23,34.52,35,34.52,34.9,251262
2021-09-24,34.49,34.83,34.31,34.53,301092
2021-09-27,34.42,34.84,34.25,34.73,206751
2021-09-28,34.69,34.89,34.01,34.16,256659
2021-09-29,34.01,34.15,33.5,33.51,153764
2021-09-30,33.86,34.51,33.75,34.2,948073
2021-10-01,34.2,34.7,34.05,34.58,233713
2021-10-04,34.79,34.99,34.2,34.46,186049
2021-10-05,34.58,34.89,34.22,34.78,154993
2021-10-06,34.3,34.36,33.52,34.23,687025
2021-10-07,34.53,35.48,34.53,35.41,421778
2021-10-08,35.72,35.8,35.25,35.41,185435
2021-10-11,36.1,36.88,36.05,36.27,407091
2021-10-12,36.51,36.78,36.3,36.58,301794
2021-10-13,36.75,37.5,36.7,37.47,622614
2021-10-14,38.37,38.85,38.19,38.67,879741
2021-10-15,39.39,39.83,39.07,39.75,922110
2021-10-18,39.75,40.2,39.5,40.1,662821
2021-10-19,40.21,40.31,39.57,39.96,545190
2021-10-20,39.9,40.21,39.6,40,786021
2021-10-21,39.01,39.08,38.47,38.68,670593
2021-10-22,38.29,38.67,37.8,38.25,568361
2021-10-25,38.53,39.29,38.53,39.1,405194
2021-10-26,39.3,39.5,38.31,38.63,496234
2021-10-27,37.89,37.99,37.21,37.27,910396
2021-10-28,37.39,37.58,36.69,37.48,613074
2021-10-29,37,37.36,36.83,37.32,296060
2021-11-01,37.21,37.69,37.08,37.52,355710
2021-11-02,37.4,37.4,36.08,36.55,624531
2021-11-03,36.69,36.75,35.78,36.28,915171
2021-11-04,36.3,36.54,35.8,36.09,566551
2021-11-05,36.04,36.14,35.7,36.09,425744
2021-11-08,36.44,37.17,36.44,37.11,882321
2021-11-09,37.09,37.11,36.06,36.43,1711988
2021-11-10,36.41,36.41,35.35,35.51,508009
2021-11-11,36.25,37.28,36.24,37.12,748231
2021-11-12,37.36,37.78,37.18,37.76,584320
2021-11-15,37.52,37.52,36.54,36.72,348242
2021-11-16,36.73,36.73,36.17,36.31,296467
2021-11-17,36.45,36.55,35.71,35.93,805510
2021-11-18,36.22,36.22,35.51,36.02,346441
2021-11-19,36.11,36.43,35.9,36,476819
2021-11-22,36,36.53,35.85,36.17,673294
2021-11-23,36.17,36.73,36.12,36.45,172999
2021-11-24,36.11,36.45,35.93,36.45,200764
2021-11-26,35.06,35.06,34.04,34.79,835609
2021-11-29,35.27,35.57,34.55,35.52,4756177
2021-11-30,35.52,36.05,34.9,35.51,1094400
2021-12-01,36.2,36.38,35,35.02,5043016
2021-12-02,35.19,35.76,34.93,35.58,793468
2021-12-03,35.66,35.81,34.78,35.14,3086698
2021-12-06,35.53,35.99,34.93,35.75,504251
2021-12-07,36.3,37.11,36.3,36.73,310707
2021-12-08,37.05,37.2,36.76,37.09,961818
2021-12-09,36.86,36.91,36.37,36.84,464783
2021-12-10,36.98,37.02,36.4,36.55,219420
2021-12-13,36.56,36.83,36.13,36.53,5902304
2021-12-14,36.06,36.67,36,36.12,261812
2021-12-15,35.8,35.83,34.69,35.7,592358
2021-12-16,36.32,36.66,35.9,36.02,607568
2021-12-17,36.19,36.19,35.64,35.77,242485
2021-12-20,35.26,35.26,34.45,34.76,498815
2021-12-21,35.27,35.9,35.13,35.76,218598
2021-12-22,35.76,36.49,35.53,36.45,220323
2021-12-23,36.41,36.93,36.21,36.78,248834
2021-12-27,36.8,37.14,36.64,37.07,493631
2021-12-28,37.04,37.22,36.65,36.92,174199
2021-12-29,37,37.31,36.9,37.08,213244
2021-12-30,36.88,37.07,36.62,36.65,269137
2021-12-31,36.67,37.07,36.67,36.91,309780
2022-01-03,37,37.09,36.45,36.77,385464
2022-01-04,37.02,37.68,37.02,37.41,614225
2022-01-05,37.44,37.98,36.88,36.91,926426
2022-01-06,37,37.09,36.35,36.71,489811
2022-01-07,36.88,37.62,36.83,37.56,320707
2022-01-10,37.41,37.48,36.89,37.48,407731
2022-01-11,37.6,38.64,37.42,38.53,713835
2022-01-12,39.32,40.65,39.32,40.61,1077347
2022-01-13,40.32,40.84,40.08,40.13,540956
2022-01-14,39.69,39.93,38.9,39.72,382041
2022-01-18,39.63,40.51,39.61,40.05,380604
2022-01-19,40.86,41.23,40.6,40.79,488768
2022-01-20,41.2,41.39,40.43,40.45,616358
2022-01-21,40.34,40.44,39.13,39.17,722983
2022-01-24,37.79,38.27,36.8,38.23,1035389
2022-01-25,38,38.6,37.39,38.33,414728
2022-01-26,39.06,39.29,37.84,38.23,308122
2022-01-27,38.22,38.66,37.56,37.71,397819
2022-01-28,37.38,37.38,36.29,36.96,354779
2022-01-31,37.01,37.44,36.67,37.41,206910
2022-02-01,37.94,38.27,37.41,38.13,4234636
2022-02-02,38.68,38.7,38.02,38.44,254731
2022-02-03,38,38.41,37.91,38.02,119919
2022-02-04,37.72,38.49,37.64,38.27,150259
2022-02-07,38.41,38.94,38.36,38.72,956306
2022-02-08,38.86,39.69,38.64,39.61,683790
2022-02-09,39.98,41.16,39.94,40.99,765189
2022-02-10,40.99,42.13,40.92,41.2,660956
2022-02-11,41.09,41.6,40.42,40.78,617258
2022-02-14,41,41.28,40.49,41.05,416034
2022-02-15,41.37,41.5,40.81,41.23,311459
2022-02-16,41.2,41.74,41.17,41.61,372297
2022-02-17,41.46,41.48,40.8,41.05,204294
2022-02-18,41.2,41.49,40.73,40.86,830613
2022-02-22,40.94,41.31,40.29,40.81,1565111
2022-02-23,41.01,41.18,40.47,40.55,361488
2022-02-24,39.82,40.33,39.12,40.24,466172
2022-02-25,40.45,42,40.45,41.89,703091
2022-02-28,41.84,42.64,41.52,42.6,925699
2022-03-01,42.73,43.35,42.18,42.61,725794
2022-03-02,43.6,44.03,42.92,43.86,626137
2022-03-03,44.5,44.95,44.05,44.88,1167195
2022-03-04,44.61,44.68,43.68,44.5,666978
2022-03-07,44.43,44.69,42.97,43.12,2201197
2022-03-08,43,43.32,42.2,42.61,4700935
2022-03-09,42.93,42.98,42,42.87,527044
2022-03-10,43.25,43.83,43.14,43.81,613607
2022-03-11,43.49,43.6,42.78,42.92,436457
2022-03-14,42.3,42.39,40.8,41.04,669480
2022-03-15,39.9,40.39,39.6,40.39,615265
2022-03-16,41.27,42.36,41.17,42.34,873409
2022-03-17,42.46,43.38,42.34,43.32,342861
2022-03-18,43.32,44.13,43.14,43.91,924684
2022-03-21,44.15,45.23,44.15,44.97,442118
2022-03-22,45.34,45.69,44.9,45.18,473753
2022-03-23,45.29,45.96,45.08,45.67,845506
2022-03-24,45.81,46.48,45.81,46.18,432540
2022-03-25,46.17,46.59,46.01,46.47,867224
2022-03-28,45.93,46.05,45.25,46.02,545478
2022-03-29,45.7,45.7,44.9,45.52,508125
2022-03-30,45.53,46.25,45.53,45.92,364597
2022-03-31,45.87,46,45.5,45.51,181544
2022-04-01,45.86,46.75,45.85,46.7,780298
2022-04-04,47.12,47.17,46.53,46.85,403092
2022-04-05,46.91,47.23,45.32,45.51,454262
2022-04-06,45.11,45.3,44.22,44.62,366726
2022-04-07,44.58,45.21,44.27,45.06,259545
2022-04-08,45.64,45.64,45.09,45.44,554737
2022-04-11,45.11,45.23,44.16,44.51,577394
2022-04-12,45.13,45.44,44.56,44.67,267713
2022-04-13,44.97,46.25,44.97,46.21,662217
2022-04-14,46.46,46.5,45.89,46.11,184211
2022-04-18,46.22,46.69,46.16,46.53,441027
2022-04-19,46.23,46.43,45.9,46.34,525292
2022-04-20,45.86,45.91,44.91,45.54,292281
2022-04-21,45.36,45.36,42.66,43.12,1444120
2022-04-22,42.75,42.79,40.89,41,674427
2022-04-25,39.71,40.32,39.1,40.23,7750758
2022-04-26,39.85,39.88,38.57,38.6,1104787
2022-04-27,39.45,40.42,39.45,40.14,493677
2022-04-28,40.55,40.73,39.77,40.5,649352
2022-04-29,40.9,41.4,40.04,40.04,487129
2022-05-02,39.64,39.64,38.9,39.51,576247
2022-05-03,39.8,40.23,39.57,39.94,703726
2022-05-04,39.79,40.88,39.16,40.8,444431
2022-05-05,40.51,40.51,38.21,38.69,1517466
2022-05-06,38.35,38.35,36.76,37.98,1847849
2022-05-09,37.08,37.08,35.55,35.7,1250275
2022-05-10,36.12,36.27,34.77,35.2,1001062
2022-05-11,35.46,36.65,35.46,35.51,429984
2022-05-12,34.57,35,33.93,34.36,461259
2022-05-13,34.66,35.79,34.66,35.46,448946
2022-05-16,35.6,36.35,35.54,36.1,318336
2022-05-17,37.24,37.9,37.13,37.81,388215
2022-05-18,37.66,37.7,36.47,36.62,376257
2022-05-19,36.75,38.64,36.75,38.23,890825
2022-05-20,38.77,38.8,37.59,38.18,441470
2022-05-23,38.94,39.35,38.42,39.17,600965
2022-05-24,38.53,39.03,38.47,38.82,315304
2022-05-25,38.57,38.86,38.35,38.71,401053
2022-05-26,38.72,39.14,38.72,39.05,274226
2022-05-27,39.36,39.75,39.25,39.7,307814
2022-05-31,40.1,40.5,39.27,39.54,682709
2022-06-01,39.81,40.21,39.09,39.52,293809
2022-06-02,40.43,41.4,40.33,41.35,681936
2022-06-03,41.29,41.29,40.5,40.74,167634
2022-06-06,41.06,41.46,41.03,41.25,594601
2022-06-07,40.99,41.79,40.73,41.68,301800
2022-06-08,41.2,41.21,40.51,40.75,260442
2022-06-09,40.35,40.45,39.3,39.38,394978
2022-06-10,38.63,38.66,38.06,38.46,650533
2022-06-13,37.2,37.28,36.1,36.43,679591
2022-06-14,36.5,36.63,35.63,35.92,288046
2022-06-15,36.58,36.83,35.72,36.51,540440
2022-06-16,35.61,35.7,34.65,35,760477
2022-06-17,34.94,34.94,33.85,34.53,403567
2022-06-21,34.86,35.18,34.69,34.78,439294
2022-06-22,33.64,33.64,32.8,32.91,770399
2022-06-23,32.39,32.39,30.63,30.92,954523
2022-06-24,31.21,32.2,31.03,32.16,307362
2022-06-27,32.28,33.04,32.25,32.79,435750
2022-06-28,33.3,33.54,32.52,32.61,347459
2022-06-29,32.32,32.32,31.02,31.07,627332
2022-06-30,30.39,30.64,29.84,30.38,1129603
2022-07-01,29.82,29.99,29.03,29.79,867904
2022-07-05,28.75,28.75,27.67,28.24,681384
2022-07-06,28.18,28.33,27.34,28.22,694055
2022-07-07,29.24,30.56,29.24,29.93,1207805
2022-07-08,29.91,29.91,29.08,29.45,358696
2022-07-11,28.7,28.8,28.05,28.12,352523
2022-07-12,27.95,27.97,27.43,27.5,455337
2022-07-13,27.3,27.86,26.97,27.54,320288
2022-07-14,26.76,26.76,26.01,26.52,644567
2022-07-15,26.61,26.96,26.14,26.91,536163
2022-07-18,27.86,28.34,27.77,27.83,717756
2022-07-19,27.95,28.42,27.67,28.41,1196027
2022-07-20,28.62,28.62,28.09,28.24,273389
2022-07-21,28.2,28.27,27.66,28.26,442779
2022-07-22,28.46,28.69,27.85,27.94,433067
2022-07-25,28.37,28.58,28.14,28.28,416302
2022-07-26,28.55,28.67,27.97,28.06,561972
2022-07-27,28.29,28.91,27.77,28.9,346012
2022-07-28,29.27,29.49,28.62,29.21,407472
2022-07-29,29.65,30.6,29.36,30.49,530304
2022-08-01,30.38,30.47,29.59,29.82,579296
2022-08-02,29.51,29.54,28.8,28.87,1201119
2022-08-03,28.95,29.01,28.51,28.74,367985
2022-08-04,28.75,29.23,28.75,29,193964
2022-08-05,28.83,29.63,28.65,29.58,229771
2022-08-08,30.46,31,30.28,30.72,513804
2022-08-09,30.78,30.86,30.22,30.41,687689
2022-08-10,30.95,31.77,30.58,31.66,460795
2022-08-11,31.92,32.36,31.78,31.79,325407
2022-08-12,31.75,32.2,31.54,32.2,435124
2022-08-15,31.05,31.22,30.6,31.12,506533
2022-08-16,31.43,31.75,31.35,31.55,733324
2022-08-17,31.22,31.22,30.65,30.95,896925
2022-08-18,31.22,31.45,31.07,31.38,258112
2022-08-19,31.12,31.13,30.38,30.63,448312
2022-08-22,30.26,30.43,30.09,30.23,349901
2022-08-23,30.59,31.73,30.46,31.69,534924
2022-08-24,31.35,31.73,31.1,31.58,392229
2022-08-25,31.88,32.59,31.88,32.55,2101921
2022-08-26,32.83,32.89,31.76,31.86,1610229
2022-08-29,31.3,31.69,31.18,31.38,324177
2022-08-30,31.2,31.34,29.88,30.08,414378
2022-08-31,29.94,30.28,29.7,29.85,1209545
2022-09-01,29.34,29.34,28.51,28.71,926319
2022-09-02,29.3,29.64,28.94,29.05,264869
2022-09-06,29.5,29.81,29.14,29.28,297968
2022-09-07,28.92,29.32,28.65,29.32,252304
2022-09-08,29.31,30.3,29.25,30.22,473052
2022-09-09,30.94,31.47,30.9,31.4,608973
2022-09-12,31.77,32.22,31.63,32.02,434675
2022-09-13,31,31.59,30.68,30.75,323549
2022-09-14,30.71,30.71,30.21,30.59,245620
2022-09-15,30.5,30.75,29.91,30.05,365778
2022-09-16,29.58,30.03,29.22,29.89,501894
2022-09-19,29.42,30.48,29.25,30.47,477861
2022-09-20,29.98,30.09,29.45,29.71,515966
2022-09-21,29.9,29.96,29.07,29.13,289302
2022-09-22,29.61,29.8,29.09,29.19,278189
2022-09-23,28.4,28.4,27.24,27.51,2377375
2022-09-26,27.07,27.67,26.69,26.9,589807
2022-09-27,27.37,27.76,27.05,27.22,353866
2022-09-28,27.24,28.44,27.13,28.39,778162
2022-09-29,28.2,28.44,27.63,28.34,637299
2022-09-30,28.24,28.86,27.97,28.26,296065
2022-10-03,28.64,29.65,28.64,29.55,219066
2022-10-04,30.2,30.7,30.09,30.45,324145
2022-10-05,29.87,30.25,29.5,30.19,211068
2022-10-06,29.66,30,29.32,29.6,171326
2022-10-07,29.28,29.29,28.65,28.76,253576
2022-10-10,29.05,29.29,28.7,28.76,98046
2022-10-11,28.48,28.92,28.09,28.24,167928
2022-10-12,28.3,28.46,27.84,28.39,126539
2022-10-13,27.62,29.22,27.45,28.98,310352
2022-10-14,29.11,29.11,27.96,28.04,186547
2022-10-17,28.73,29.06,28.64,28.66,245175
2022-10-18,29.03,29.04,28.1,28.35,316131
2022-10-19,28.13,28.35,27.81,28,333806
2022-10-20,27.99,28.97,27.91,27.99,849136
2022-10-21,27.99,29.25,27.57,29.22,1571442
2022-10-24,28.79,28.79,28.02,28.15,1079196
2022-10-25,28.3,28.89,28.18,28.85,185758
2022-10-26,29.1,30.55,29.1,30.14,659810
2022-10-27,30,30.13,29.6,29.78,231946
2022-10-28,29.47,29.47,28.67,29.16,499873
2022-10-31,28.75,29.13,28.56,28.67,367391
2022-11-01,29.75,30.31,29.75,30.08,618064
2022-11-02,30.01,30.39,29.02,29.04,401178
2022-11-03,28.69,29.45,28.51,29.19,372202
2022-11-04,31.12,32.23,31.08,32.05,1160911
2022-11-07,32.23,32.25,31.67,31.87,480293
2022-11-08,32.18,33.13,31.87,32.86,812089
2022-11-09,32.62,32.8,31.64,31.71,336033
2022-11-10,33.24,34.16,33.01,33.86,538484
2022-11-11,34.73,35.6,34.73,35.32,857989
2022-11-14,35.08,35.09,34.54,34.83,922675
2022-11-15,35.41,35.53,34.94,35.13,639454
2022-11-16,35,35.03,34.41,34.59,396424
2022-11-17,33.59,33.82,33.23,33.74,670286
2022-11-18,33.85,33.93,33.31,33.46,462263
2022-11-21,33.01,33.37,32.65,33.33,365766
2022-11-22,33.76,34.41,33.76,34.35,569444
2022-11-23,34.33,34.76,34.25,34.7,216461
2022-11-25,34.84,34.84,34.57,34.68,69958
2022-11-28,34.43,34.48,33.76,33.79,314177
2022-11-29,34.44,34.98,34.44,34.88,297465
2022-11-30,35.41,36.19,35.09,36.19,1717075
2022-12-01,36.48,36.89,36.25,36.79,1620325
2022-12-02,36.17,36.96,36.03,36.94,498833
2022-12-05,37.15,37.27,36.04,36.17,999914
2022-12-06,36.27,36.72,35.82,36.07,369361
2022-12-07,36.04,36.3,35.83,35.94,382463
2022-12-08,36.49,37.06,36.32,36.71,421657
2022-12-09,36.92,37.16,36.53,36.55,266379
2022-12-12,36.55,36.55,35.95,36.33,354030
2022-12-13,37.26,37.89,36.77,36.93,498540
2022-12-14,36.99,37.21,36.65,37,250360
2022-12-15,36.5,36.59,35.47,35.61,787452
2022-12-16,35.57,35.89,35.2,35.72,316012
2022-12-19,36,36.17,35.25,35.41,233544
2022-12-20,35.58,36.28,35.58,35.78,322224
2022-12-21,36,36.78,36,36.74,365216
2022-12-22,36,36.16,34.93,35.43,318110
2022-12-23,35.64,36.04,35.29,36.03,185073
2022-12-27,36.5,36.8,36.33,36.48,335733
2022-12-28,36.69,36.81,36.01,36.05,605153
2022-12-29,36.05,36.23,35.79,36.02,173918
2022-12-30,35.82,35.99,35.4,35.43,125640
2023-01-03,35.76,36.35,35.55,35.76,889861
2023-01-04,36.09,36.34,35.53,36.22,315771
2023-01-05,36.06,36.97,35.9,36.77,430470
2023-01-06,37,38.47,36.9,38.36,858734
2023-01-09,39.31,39.7,39.06,39.2,524211
2023-01-10,39.39,40.13,39.26,40.03,726218
2023-01-11,40.29,40.4,39.83,40.2,722034
2023-01-12,40.52,41.12,39.98,41.04,725893
2023-01-13,40.78,41.1,40.52,41.07,321012
2023-01-17,40.38,40.68,39.87,40.11,1308860
2023-01-18,40.8,41.65,40.29,40.33,1805939
2023-01-19,40.06,40.84,40,40.69,373552
2023-01-20,40.88,41.35,40.5,41.28,325175
2023-01-23,41.25,41.28,40.84,41.27,331334
2023-01-24,41.06,41.57,40.61,41.5,421429
2023-01-25,41.28,41.73,41.01,41.7,428752
2023-01-26,41.95,42.09,41.28,41.73,599192
2023-01-27,41.52,41.73,41.1,41.43,312630
2023-01-30,40.6,41.1,40.51,40.63,408925
2023-01-31,40.36,41.36,40.2,41.29,298033
2023-02-01,41.12,42.08,40.78,41.9,520670
2023-02-02,41.77,41.77,40.2,40.48,611560
2023-02-03,40,40.63,39.7,39.77,685528
2023-02-06,39.51,39.51,38.57,38.86,878653
2023-02-07,39.21,39.98,38.91,39.86,449038
2023-02-08,39.74,39.85,39.27,39.41,362692
2023-02-09,40.01,40.24,39.1,39.28,432180
2023-02-10,39,39.03,38.23,38.45,395542
2023-02-13,38.36,39.01,38.21,38.91,215412
2023-02-14,38.84,39.5,38.58,39.5,328127
2023-02-15,38.68,39.13,38.3,39.11,383330
2023-02-16,38.92,39.63,38.73,39.36,556001
2023-02-17,39.09,39.25,38.66,39.19,177356
2023-02-21,39.44,40.14,39.3,39.34,438127
2023-02-22,38.9,38.9,38.32,38.42,400157
2023-02-23,38.37,38.61,37.53,37.86,698330
2023-02-24,37,37.05,36.37,36.72,680490
2023-02-27,36.92,37.55,36.9,37.53,526968
2023-02-28,37.72,38.17,37.4,37.87,648638
2023-03-01,38.95,39.64,38.82,39.58,328425
2023-03-02,39.09,39.34,38.73,39.24,343871
2023-03-03,39.68,40.48,39.31,40.37,529245
2023-03-06,39.88,39.88,39.17,39.36,325444
2023-03-07,39.03,39.03,37.38,37.53,480750
2023-03-08,37.64,38.38,37.42,37.97,289451
2023-03-09,37.97,37.97,36.3,36.48,355432
2023-03-10,36.51,36.87,36,36.04,298492
2023-03-13,35.61,36.67,35.53,36.37,430315
2023-03-14,36.97,37.21,36.57,36.82,226202
2023-03-15,35.59,35.59,34.25,34.61,769118
2023-03-16,34.12,35,34.04,35,628983
2023-03-17,35,35.58,34.77,35.22,770560
2023-03-20,35.73,36.61,35.73,36.43,649089
2023-03-21,36.77,36.95,36.35,36.64,493776
2023-03-22,36.68,37.39,36.39,36.45,297916
2023-03-23,36.88,37.19,36.42,36.6,348089
2023-03-24,36.22,36.5,35.69,36.5,254207
2023-03-27,36.66,36.84,36.29,36.75,279235
2023-03-28,37.07,37.53,37.07,37.4,501254
2023-03-29,37.75,38.1,37.6,38.03,386273
2023-03-30,38.57,38.83,38.41,38.81,367823
2023-03-31,38.73,38.96,38.57,38.71,411610
2023-04-03,38.95,39.43,38.88,39.32,355372
2023-04-04,39.07,39.17,38.44,38.7,282200
2023-04-05,38.46,38.55,37.97,38.39,460570
2023-04-06,38.48,38.8,38.22,38.64,225365
2023-04-10,38.52,38.67,38.25,38.61,185983
2023-04-11,39.4,40.13,39.31,39.97,538918
2023-04-12,40.35,40.56,40.08,40.35,487224
2023-04-13,40.91,41.83,40.87,41.68,512137
2023-04-14,41.96,42.22,41.27,41.59,433519
2023-04-17,41.59,41.61,41.01,41.48,4742046
2023-04-18,42.01,42.44,41.72,42.34,411025
2023-04-19,42.04,42.05,41.72,41.75,635524
2023-04-20,41.58,41.88,41.01,41.23,753722
2023-04-21,40.6,40.77,39.77,40.18,1091009
2023-04-24,39.94,40.05,39.68,40.03,749645
2023-04-25,39.01,39.05,38.42,38.58,519901
2023-04-26,39.22,39.54,38.8,38.91,389263
2023-04-27,39.04,39.56,38.88,39.5,222338
2023-04-28,39.21,39.57,39.1,39.49,186469
2023-05-01,40.05,40.23,39.46,39.5,310693
2023-05-02,39.16,39.16,38.63,38.97,262032
2023-05-03,39.13,39.18,38.8,38.93,304286
2023-05-04,38.93,39.1,38.57,38.76,306440
2023-05-05,39.32,40.13,39.12,40.09,285837
2023-05-08,40.6,40.67,40.25,40.48,324483
2023-05-09,40.04,40.41,39.81,40.26,226573
2023-05-10,40.15,40.21,38.77,39.17,408903
2023-05-11,37.94,37.94,36.89,37.02,651283
2023-05-12,36.94,37.13,36.74,37.12,289599
2023-05-15,37.57,38.3,37.47,38.26,2100591
2023-05-16,37.85,37.92,37.37,37.45,1586313
2023-05-17,38.01,38.06,37.37,37.65,271160
2023-05-18,37.26,37.26,36.69,37.01,405099
2023-05-19,37.36,37.36,36.93,37.02,261716
2023-05-22,36.97,37.11,36.85,36.94,211134
2023-05-23,36.64,36.64,35.9,35.97,289373
2023-05-24,35.81,35.84,34.98,35.1,366972
2023-05-25,35.19,35.2,34.82,34.9,219522
2023-05-26,35.62,35.76,35.29,35.62,481438
2023-05-30,35.5,35.66,34.8,35.03,1099835
2023-05-31,34.73,34.8,34.18,34.6,580914
2023-06-01,34.81,36.04,34.81,35.8,866135
2023-06-02,37.1,37.54,37.1,37.33,922781
2023-06-05,37.19,37.19,36.52,36.81,300637
2023-06-06,36.72,37.41,36.72,37.39,301830
2023-06-07,37.41,37.8,37.07,37.11,293013
2023-06-08,37.39,37.7,37.07,37.68,246241
2023-06-09,37.71,37.81,37.47,37.6,192739
2023-06-12,37.46,37.47,37.11,37.37,249651
2023-06-13,37.9,38.52,37.9,38.33,545010
2023-06-14,38.99,39.69,38.91,39.27,759595
2023-06-15,39.11,40.24,39.11,39.71,1865869
2023-06-16,40.04,40.06,39.43,39.56,1969458
2023-06-20,38.92,38.92,38.07,38.46,596802
2023-06-21,38.03,38.85,38,38.64,270826
2023-06-22,38.64,38.73,38.32,38.45,183492
2023-06-23,37.64,37.64,36.5,37.39,597914
2023-06-26,37.45,38.09,37.45,37.99,281541
2023-06-27,37.92,38.15,37.76,38.09,311557
2023-06-28,37.71,37.71,37.28,37.49,322462
2023-06-29,36.79,37.02,36.52,37.01,638817
2023-06-30,37.43,37.66,37.14,37.65,686704
2023-07-03,38.04,38.33,37.95,38.21,324457
2023-07-05,38.18,38.18,37.53,37.69,254717
2023-07-06,37.04,37.05,36.19,36.47,370387
2023-07-07,36.71,37.61,36.63,37.3,206175
2023-07-10,37.17,37.78,37,37.73,227479
2023-07-11,38.01,38.14,37.87,38.12,192081
2023-07-12,38.88,39.6,38.88,39.51,299023
2023-07-13,40.08,40.71,40.01,40.57,588892
2023-07-14,40.45,40.45,39.85,39.86,373368
2023-07-17,39.28,39.44,38.89,39.39,281888
2023-07-18,39.34,39.64,39.11,39.63,365331
2023-07-19,39.41,39.57,39.04,39.46,246513
2023-07-20,39.66,39.85,39.35,39.39,870980
2023-07-21,39.26,39.3,38.79,38.98,164536
2023-07-24,39.11,39.52,38.88,39.31,247160
2023-07-25,40.35,41.31,40.27,41.11,625854
2023-07-26,40.8,40.91,40.33,40.69,1911004
2023-07-27,40.69,41.17,40.28,40.36,1938982
2023-07-28,40.67,41.1,40.54,40.99,407695
2023-07-31,41.5,42.05,41.43,41.75,2136841
2023-08-01,41.22,41.36,40.62,40.84,346971
2023-08-02,40.34,40.34,39.43,39.66,673112
2023-08-03,39.65,40.14,39.32,40.08,350003
2023-08-04,40.15,40.45,39.8,40.04,555456
2023-08-07,40.12,40.12,39.67,39.98,173481
2023-08-08,39.06,39.48,38.56,39.4,282341
2023-08-09,39.49,39.55,39.01,39.18,252542
2023-08-10,39.4,39.71,38.66,38.87,351998
2023-08-11,38.34,38.61,38.17,38.45,437170
2023-08-14,38.06,38.06,37.57,37.87,430898
2023-08-15,37.5,37.5,36.43,36.54,605883
2023-08-16,36.35,36.58,36,36.14,461993
2023-08-17,36.78,36.96,36.18,36.23,175976
2023-08-18,35.82,36.06,35.48,35.97,312753
2023-08-21,36.3,36.53,36.12,36.47,4782991
2023-08-22,36.98,37.24,36.67,36.76,628253
2023-08-23,37.11,37.44,36.85,37.31,961804
2023-08-24,37,37.03,36.38,36.41,326305
2023-08-25,36.74,36.78,36.04,36.43,175640
2023-08-28,36.71,37.02,36.6,36.93,192672
2023-08-29,37.16,37.95,36.87,37.93,546894
2023-08-30,38.11,38.2,37.87,37.92,303064
2023-08-31,37.86,38,37.68,37.86,358485
2023-09-01,38.44,38.8,38.22,38.3,426492
2023-09-05,38.37,38.48,37.85,37.91,706346
2023-09-06,37.75,38.04,37.48,37.8,243575
2023-09-07,37.29,37.29,36.84,36.99,278058
2023-09-08,36.84,36.95,36.55,36.67,204021
2023-09-11,37.67,38.09,37.58,37.71,236187
2023-09-12,37.46,37.63,37.14,37.2,230963
2023-09-13,37.13,37.37,36.91,36.95,169490
2023-09-14,37.73,38.29,37.73,38.14,395877
2023-09-15,38.43,38.66,38.19,38.3,241542
2023-09-18,38.1,38.1,37.76,37.92,154159
2023-09-19,37.97,38.27,37.42,37.52,141341
2023-09-20,37.65,38.3,37.4,37.4,514823
2023-09-21,36.9,36.9,36.38,36.5,321443
2023-09-22,37.36,37.36,36.41,36.45,196380
2023-09-25,36,36.35,35.78,36.32,285148
2023-09-26,36.17,36.32,35.46,35.6,226746
2023-09-27,35.72,35.92,35.04,35.4,360767
2023-09-28,35.68,36.24,35.61,36.15,266786
2023-09-29,36.58,36.79,36.2,36.41,283892
2023-10-02,36.1,36.1,34.98,35.13,525852
2023-10-03,34.55,34.95,34.21,34.36,495355
2023-10-04,34.28,34.31,33.7,34,415576
2023-10-05,34.19,34.19,33.77,34.05,212963
2023-10-06,34.26,35.36,34.1,35.14,399705
2023-10-09,35.19,35.34,34.85,35.27,352394
2023-10-10,35.67,36.05,35.56,35.93,247641
2023-10-11,36.09,36.24,35.5,35.73,214147
2023-10-12,35.96,35.96,34.57,34.86,520075
2023-10-13,35.07,35.22,34.7,34.76,179479
2023-10-16,35,35.56,34.97,35.4,413580
2023-10-17,34.74,35.55,34.58,35.39,324281
2023-10-18,34.95,35.07,34.43,34.49,459543
2023-10-19,34.25,34.63,34.11,34.2,301818
2023-10-20,33.72,33.95,33.39,33.41,472228
2023-10-23,33.15,33.52,32.76,33.27,245895
2023-10-24,33.5,33.86,33.3,33.64,493818
2023-10-25,33.45,33.79,33.15,33.17,461471
2023-10-26,33.19,33.58,32.92,33.34,372326
2023-10-27,33.85,34.14,33.64,33.72,270836
2023-10-30,33.94,34,33.18,33.33,151347
2023-10-31,33.38,33.38,32.77,32.85,592830
2023-11-01,32.66,32.74,32.25,32.66,847071
2023-11-02,33.05,33.66,33.05,33.59,461001
2023-11-03,33.99,34.32,33.81,34.04,254580
2023-11-06,34.3,34.44,33.76,33.79,209784
2023-11-07,33.38,33.38,32.71,32.82,357979
2023-11-08,32.68,32.68,31.84,31.94,797083
2023-11-09,32.4,32.78,31.99,32.05,582059
2023-11-10,32.04,32.18,31.65,32.1,428117
2023-11-13,32.14,32.47,32.09,32.27,215243
2023-11-14,33.28,33.8,33.25,33.57,362375
2023-11-15,33.92,34.4,33.9,34.11,315310
2023-11-16,33.8,34.01,33.41,33.59,273562
2023-11-17,34.16,34.26,33.85,34.04,255254
2023-11-20,34.1,34.71,33.91,34.52,442905
2023-11-21,34.78,35.11,34.59,34.65,388491
2023-11-22,34.34,34.73,34.32,34.44,734709
2023-11-24,34.44,34.64,34.33,34.49,167657
2023-11-27,34.12,34.21,33.83,33.97,330219
2023-11-28,33.88,34.75,33.84,34.7,711153
2023-11-29,34.8,34.8,34.3,34.4,204338
2023-11-30,34.24,34.38,33.95,34.38,677897
2023-12-01,34.91,35.9,34.72,35.88,448434
2023-12-04,35.2,35.51,34.86,35.09,2535064
2023-12-05,34.77,34.78,34.25,34.33,200340
2023-12-06,34.88,35.07,34.37,34.4,271422
2023-12-07,34.93,34.93,34.55,34.82,233896
2023-12-08,34.82,35.45,34.65,35.32,222272
2023-12-11,35.15,35.15,34.73,34.95,550275
2023-12-12,34.67,34.79,34.43,34.66,303896
2023-12-13,34.5,35.96,34.42,35.95,379898
2023-12-14,36.52,37.21,36.52,37.16,1276479
2023-12-15,37.4,37.5,37.06,37.16,510729
2023-12-18,37.22,37.52,37.12,37.12,345242
2023-12-19,37.42,38.16,37.42,38.05,369596
2023-12-20,37.88,38.05,37.27,37.3,467487
2023-12-21,37.7,38.22,37.7,38.17,232463
2023-12-22,38.38,38.5,38.05,38.1,539554
2023-12-26,38.29,38.55,38.26,38.47,345489
2023-12-27,38.56,38.93,38.53,38.84,134480
2023-12-28,38.36,38.64,37.8,37.8,3293718
2023-12-29,37.53,37.8,37.28,37.5,3054359
2024-01-02,37.19,37.58,37.11,37.21,725501
2024-01-03,36.67,37.11,36.22,36.96,365387
2024-01-04,36.73,37.04,36.56,36.88,233022
2024-01-05,36.9,37.44,36.66,36.88,160226
2024-01-08,36.75,37.19,36.45,37.13,168219
2024-01-09,36.61,36.67,36.36,36.45,125767
2024-01-10,36.56,36.66,36.35,36.49,235287
2024-01-11,36.68,36.68,36.15,36.56,1958931
2024-01-12,36.97,37.28,36.77,36.86,1719431
2024-01-16,36.42,36.42,35.61,35.74,257030
2024-01-17,35.1,35.15,34.66,34.89,191136
2024-01-18,34.77,34.93,34.61,34.9,151191
2024-01-19,34.63,35.32,34.49,35.29,189035
2024-01-22,34.78,34.86,34.4,34.47,306373
2024-01-23,34.85,35.38,34.82,35.26,293796
2024-01-24,36.58,36.75,36.26,36.35,818329
2024-01-25,36.59,36.97,36.36,36.68,306643
2024-01-26,36.6,36.98,36.27,36.49,761579
2024-01-29,36.4,36.9,36.15,36.8,587115
2024-01-30,36.28,36.76,36.26,36.72,679711
2024-01-31,36.65,37.12,36.15,36.19,337684
2024-02-01,36.47,36.82,36.33,36.71,337528
2024-02-02,36.09,36.16,35.63,35.8,830627
2024-02-05,35.19,35.19,34.63,35.1,358536
2024-02-06,35.24,35.68,35.24,35.66,590589
2024-02-07,35.66,35.66,35.11,35.25,478175
2024-02-08,35.02,35.35,35,35.04,1447446
2024-02-09,34.78,34.78,34.46,34.61,1919959
2024-02-12,34.61,35.34,34.61,35.19,196607
2024-02-13,34.83,34.83,33.9,34.14,433104
2024-02-14,34.28,34.88,34.28,34.81,432568
2024-02-15,34.96,35.31,34.95,35.24,227046
2024-02-16,35.47,36.27,35.39,36.04,362445
2024-02-20,36.26,36.45,35.93,35.93,421314
2024-02-21,35.85,36.1,35.72,35.97,311180
2024-02-22,36.35,36.38,35.91,35.99,502310
2024-02-23,36.27,36.51,36.1,36.44,143590
2024-02-26,35.83,35.98,35.66,35.9,594967
2024-02-27,36.04,36.32,36,36.24,298249
2024-02-28,35.94,35.94,35.49,35.55,215736
2024-02-29,35.78,36.16,35.73,35.98,426751
2024-03-01,36.04,36.6,35.85,36.45,268650
2024-03-04,36.49,36.64,36.33,36.58,353053
2024-03-05,36.56,36.73,35.75,35.98,1049956
2024-03-06,37.11,37.59,36.77,37.32,1681832
2024-03-07,38.15,38.75,37.88,38.02,5484208
2024-03-08,38.38,38.47,37.87,38.04,397546
2024-03-11,37.85,38.33,37.78,38.3,602333
2024-03-12,38.3,38.4,37.77,38.11,390244
2024-03-13,38.99,40.73,38.9,40.41,6224131
2024-03-14,40.85,40.95,40.17,40.58,4652571
2024-03-15,41.26,41.85,41.01,41.59,5208400
2024-03-18,41.85,41.96,41.04,41.07,671481
2024-03-19,40.5,40.84,40.23,40.49,1619303
2024-03-20,40.6,41.95,40.46,41.79,798848
2024-03-21,42.03,42.13,41.41,41.77,2444853
2024-03-22,41.32,41.54,41.13,41.29,606160
2024-03-25,41.36,41.74,41.07,41.1,731121
2024-03-26,41.1,41.28,40.69,40.7,818303
2024-03-27,40.56,41.46,40.5,41.41,663968
2024-03-28,41.48,42.58,41.45,42.43,1278220
2024-04-01,42.83,42.95,42.38,42.73,904314
2024-04-02,42.97,43.32,42.74,43.27,1624656
2024-04-03,43.65,44.59,43.55,44.37,1137116
2024-04-04,45.26,45.59,44.35,44.57,2459951
2024-04-05,44.22,44.7,43.88,44.64,1823424
2024-04-08,45.53,45.58,44.66,45.5,1601199
2024-04-09,46.2,46.81,46.12,46.73,1649855
2024-04-10,46.08,46.8,45.19,46.32,807342
2024-04-11,46.53,46.53,45.5,46.26,1262958
2024-04-12,47.19,47.25,45.34,45.48,1078329
2024-04-15,46.65,46.83,45.46,45.81,2592707
2024-04-16,44.5,45.29,44.24,45.15,1573124
2024-04-17,45.61,46.28,45.19,45.38,2477239
2024-04-18,46.43,46.57,45.7,46.21,1007985
2024-04-19,46.52,46.54,45.82,45.98,900611
2024-04-22,45.52,45.52,44.57,45.23,1136468
2024-04-23,44.56,44.87,44.05,44.4,1624529
2024-04-24,44.9,44.95,44.31,44.6,853662
2024-04-25,44.78,46.14,44.61,45.98,1331023
2024-04-26,46.66,47.55,46.5,47.52,1768267
2024-04-29,47.92,48.06,47.08,48.02,1222247
2024-04-30,46.78,46.83,45.76,45.77,2168265
2024-05-01,45.18,46.37,45.15,45.57,818220
2024-05-02,45.77,46.1,45.03,45.7,729334
2024-05-03,46.34,46.72,45.99,46.64,664203
2024-05-06,47,47.4,47,47.35,623313
2024-05-07,47.45,47.53,47.01,47.41,1358371
2024-05-08,46.75,47.01,46.34,46.8,811629
2024-05-09,47.16,47.98,47.01,47.91,1057413
2024-05-10,48.31,48.73,47.94,47.98,2228629
2024-05-13,48.48,48.59,48.06,48.29,972105
2024-05-14,48.8,50.08,48.71,49.71,2444098
2024-05-15,50.51,50.52,48.73,49.68,3264894
2024-05-16,49.55,49.63,49.14,49.36,1221619
2024-05-17,50.01,51.67,50,51.67,3888802
2024-05-20,52.1,52.9,51.61,52.72,2713375
2024-05-21,52.52,52.54,51.44,51.71,2341637
2024-05-22,50.2,50.2,48.19,48.27,3362326
2024-05-23,48.98,48.98,47.51,47.76,1478730
2024-05-24,48.22,48.76,48.22,48.66,1123723
2024-05-28,50,50.12,49.44,50.07,2326160
2024-05-29,49.28,49.3,48.7,48.73,1823245
2024-05-30,48.16,48.57,47.87,48.38,1361756
2024-05-31,48.46,48.8,47.42,48.19,1907632
2024-06-03,48.5,48.6,47.48,47.75,1029112
2024-06-04,46.55,46.75,45,45.46,3022364
2024-06-05,45.55,46.53,45.49,46.52,4123661
2024-06-06,46.5,47.44,46.48,47.38,1688877
2024-06-07,46.1,46.15,45.39,45.46,2637174
2024-06-10,45.99,46.41,45.63,46.16,850937
2024-06-11,45.41,45.41,44.65,45.06,1101973
2024-06-12,46.37,46.69,44.96,45.19,1370853
2024-06-13,44.89,45.08,44.22,44.41,831040
2024-06-14,44.09,44.63,43.92,44.32,1040526
2024-06-17,43.76,44.11,43.34,43.95,1511193
2024-06-18,43.69,44.72,43.65,44.61,1435040
2024-06-20,45.57,46.09,45.48,46.03,2246705
2024-06-21,45.27,45.51,44.7,45.22,927691
2024-06-24,45.56,46.41,45.36,46.29,1195993
2024-06-25,45.97,46.01,45.36,45.47,1223827
2024-06-26,45.41,45.84,45.34,45.8,760688
2024-06-27,45.75,45.8,44.93,45.07,820023
2024-06-28,45.73,46.11,44.83,45.11,1044921
2024-07-01,45.78,45.99,45.24,45.47,649075
2024-07-02,45.44,45.94,45.18,45.64,744603
2024-07-03,46.51,47.72,46.45,47.22,1157509
2024-07-05,48.52,48.57,47.8,48.05,1206342
2024-07-08,47.8,48.1,46.87,47.11,924236
2024-07-09,47.51,47.64,47.13,47.21,477913
2024-07-10,47.3,47.76,47.12,47.46,637059
2024-07-11,47.6,47.72,46.95,47.27,669449
2024-07-12,47.73,48.2,47.53,47.97,2201481
2024-07-15,47.77,47.77,47.06,47.09,2835865
2024-07-16,46.31,46.63,45.8,46.58,1763628
2024-07-17,45.98,46,45.02,45.15,1857259
2024-07-18,44.88,45.08,43.22,43.4,1630460
2024-07-19,42.94,43.49,42.9,43.31,1553179
2024-07-22,43.09,43.29,42.7,42.92,2945345
2024-07-23,42.19,42.66,41.98,42.6,1125113
2024-07-24,42.45,43.2,42.02,42.06,843385
2024-07-25,41.7,42.22,41.01,41.95,1725586
2024-07-26,42.25,42.67,42,42.58,1360634
2024-07-29,42.14,42.48,41.89,42.26,770162
2024-07-30,41.82,42.42,41.7,41.94,780150
2024-07-31,43.32,44.1,43.22,43.74,2717102
2024-08-01,43.36,43.36,41.32,41.7,1713737
2024-08-02,41.31,41.45,40.66,41.18,1478666
2024-08-05,38.33,39.94,38.17,39.62,1301953
2024-08-06,39.34,40.12,39.2,39.7,1693095
2024-08-07,40,40.25,38.68,38.71,896671
2024-08-08,39.13,39.91,38.84,39.74,779761
2024-08-09,40.15,40.21,39.78,40.04,466069
2024-08-12,40.49,40.82,40.23,40.66,1019549
2024-08-13,40.29,40.78,40.17,40.7,565772
2024-08-14,40.69,40.75,40.15,40.54,1095220
2024-08-15,41.28,42.31,41.2,42.04,2568643
2024-08-16,41.99,42.41,41.64,42.3,1450329
2024-08-19,42.82,43.17,42.62,43.03,610408
2024-08-20,43.24,43.38,42.54,42.63,474300
2024-08-21,43.27,43.64,42.93,43.5,438325
2024-08-22,43.3,43.3,42.43,42.6,676068
2024-08-23,43.08,44.12,43.05,43.97,721003
2024-08-26,44.3,44.64,44.09,44.17,917278
2024-08-27,44.22,44.46,44,44.33,475752
2024-08-28,43.59,43.59,42.48,42.79,1215672
2024-08-29,42.73,43.06,42.73,42.77,401949
2024-08-30,42.88,43.56,42.66,43.34,1155120
2024-09-03,41.73,41.98,40.05,40.08,4062430
2024-09-04,40.1,40.59,39.88,40.05,1685367
2024-09-05,40.55,40.55,39.78,39.83,1473478
2024-09-06,39.66,39.91,38.44,38.58,1261519
2024-09-09,39.23,39.37,39,39.14,923399
2024-09-10,39.09,39.09,38.43,38.97,1284422
2024-09-11,39.27,39.77,38.66,39.72,1750990
2024-09-12,40.09,41,40.09,40.9,1079773
2024-09-13,40.99,41.63,40.99,41.35,2502691
2024-09-16,41.92,41.94,41.51,41.8,929032
2024-09-17,41.75,42.33,41.75,41.94,988234
2024-09-18,42.12,43.56,41.87,42.16,1422556
2024-09-19,43.77,43.93,43.48,43.67,3516924
2024-09-20,43.61,43.7,43.01,43.4,1992054
2024-09-23,43.49,44.22,43.49,43.69,929831
2024-09-24,45.8,46.97,45.77,46.8,7453409
2024-09-25,46.43,46.5,45.94,45.97,1410248
2024-09-26,47.85,48.96,47.83,48.4,3377401
2024-09-27,48.23,48.58,47.76,48.06,1505677
2024-09-30,47.98,47.98,46.87,47.27,3020192
2024-10-01,47.64,48.22,47.17,48.09,1575749
2024-10-02,48.2,48.9,48.09,48.57,716136
2024-10-03,47.01,47.47,46.58,46.71,3085523
2024-10-04,48.07,48.13,47.54,47.76,1869110
2024-10-07,47.97,48.06,47.5,47.91,1622243
2024-10-08,46.31,46.32,45.39,45.74,2045295
2024-10-09,45.23,45.77,44.93,45.6,722844
2024-10-10,45.6,46.35,45.57,46.27,508091
2024-10-11,46.06,46.97,46.06,46.85,556187
2024-10-14,45.68,46.56,45.67,46.14,1117504
2024-10-15,45.25,45.38,44.82,45.25,2531257
2024-10-16,45.25,45.98,45.25,45.87,1331889
2024-10-17,45.23,45.45,44.86,45,991161
2024-10-18,46.05,46.05,45.62,45.81,736379
2024-10-21,46.12,46.12,45.1,45.24,713924
2024-10-22,45.78,45.87,45.38,45.85,608326
2024-10-23,45.16,45.2,44.44,44.97,2373570
2024-10-24,45.08,45.19,44.44,44.9,1464594
2024-10-25,45.09,45.78,44.93,45,525748
2024-10-28,45.28,45.58,45.01,45.18,374724
2024-10-29,45.34,45.36,44.94,45.03,919065
2024-10-30,44.5,44.69,44.1,44.49,730515
2024-10-31,44.13,44.27,43.27,43.69,1453005
2024-11-01,44.19,44.73,44.18,44.23,658615
2024-11-04,44.52,45.15,44.43,44.51,1090858
2024-11-05,45.05,45.65,44.93,45.65,761329
2024-11-06,43.5,43.9,42.61,43.85,3699275
2024-11-07,45.46,46.66,45.46,46.46,1200365
2024-11-08,44.99,44.99,43.48,44.12,1009019
2024-11-11,43.58,43.7,42.97,43.29,918384
2024-11-12,42.2,42.32,41.29,41.93,2289728
2024-11-13,41.69,41.9,40.84,40.87,3484395
2024-11-14,40.84,41.56,40.72,41.38,3349055
2024-11-15,41.59,41.8,41.05,41.1,1825477
2024-11-18,41.2,42.21,41.17,42.18,1194369
2024-11-19,42.12,42.96,41.97,42.9,1055729
2024-11-20,42.53,42.93,42.46,42.53,1196853
2024-11-21,42.53,42.91,42.32,42.79,812557
2024-11-22,42.33,42.62,42.22,42.59,1119753
2024-11-25,42.62,42.83,42.25,42.47,1282276
2024-11-26,42.4,42.4,41.48,41.86,1224909
2024-11-27,42.16,42.6,41.99,42.18,1298881
2024-11-29,41.87,42.63,41.87,42.63,1278856
2024-12-02,42.32,42.66,41.92,42.34,1323638
2024-12-03,43.09,43.34,42.53,42.74,1190200
2024-12-04,42.72,42.92,42.36,42.5,873608
2024-12-05,42.38,42.9,42.3,42.75,1188592
2024-12-06,42.64,42.65,41.89,41.98,1012045
2024-12-09,43.51,44.58,43.51,43.56,2144356
2024-12-10,43.25,43.4,42.88,43.16,3971751
2024-12-11,42.95,43.33,42.69,43.19,410698
2024-12-12,42.61,42.66,41.79,41.85,1044798
2024-12-13,41.51,41.65,40.66,40.94,1069984
2024-12-16,40.71,40.79,40.16,40.23,959122
2024-12-17,39.89,39.89,39.37,39.76,1296500
2024-12-18,39.68,39.92,37.97,38.21,2304730
2024-12-19,38.53,38.71,38.04,38.3,2830536
2024-12-20,38.21,39.29,38.09,38.91,896753
2024-12-23,38.65,39.42,38.65,39.31,451879
2024-12-24,39.34,39.4,39.05,39.32,188628
2024-12-26,39.21,39.64,39.21,39.46,303675
2024-12-27,39.38,39.53,39.05,39.23,403725
2024-12-30,38.24,38.39,37.95,38.17,634097
2024-12-31,38.38,38.48,38.04,38.18,664440
2025-01-02,38.39,38.95,38.29,38.52,915035
2025-01-03,38.9,39.09,38.36,38.96,2965422
2025-01-06,39.58,40.15,39.47,39.56,2801151
2025-01-07,40.07,40.07,38.99,39.18,1213987
2025-01-08,39.27,39.48,38.67,39.44,1100531
2025-01-10,39.78,40.07,39.02,39.17,739428
2025-01-13,38.92,39.17,38.63,39.07,578589
2025-01-14,39.23,39.57,39.02,39.27,487536
2025-01-15,39.88,40.13,39.32,39.72,576073
2025-01-16,39.86,39.86,39.36,39.63,998925
2025-01-17,39.74,40.56,39.5,39.83,1366497
2025-01-21,40.56,40.69,40.21,40.34,628362
2025-01-22,40.19,40.3,39.15,39.21,2593122
2025-01-23,39.16,39.53,38.72,39.45,1118269
2025-01-24,39.99,40.28,39.78,39.94,629143
2025-01-27,39.31,39.41,38.79,39.1,887152
2025-01-28,38.71,38.84,37.69,37.99,846860
2025-01-29,38.01,38.78,38.01,38.54,777474
2025-01-30,38.89,39.5,38.77,39.09,602013
2025-01-31,38.97,39.06,38.18,38.18,425064
2025-02-03,37.55,38.27,37.31,38.03,906831
2025-02-04,38.37,39.46,38.29,39.25,864110
2025-02-05,39.33,39.75,39.11,39.62,470607
2025-02-06,40.49,40.86,40.31,40.45,1066744
2025-02-07,41.28,41.97,41.05,41.17,1865395
2025-02-10,41.75,41.88,41.36,41.77,1440921
2025-02-11,40.55,40.69,40.29,40.49,2662671
2025-02-12,40.3,41.16,40.22,40.86,1337803
2025-02-13,41.11,42.23,40.92,42.08,2006241
2025-02-14,42.36,42.52,41.61,41.67,1509595
2025-02-18,41.73,41.76,41.28,41.37,1357875
2025-02-19,40.85,40.85,40.03,40.13,1925781
2025-02-20,40.8,41.23,40.73,41.12,850170
2025-02-21,40.77,40.88,39.09,39.27,992494
2025-02-24,39.38,39.55,38.86,39.18,505260
2025-02-25,39.44,39.66,38.52,39.13,789068
2025-02-26,39.4,40.04,39.22,39.4,686702
2025-02-27,39.92,39.92,38.58,38.69,1307533
2025-02-28,38.06,38.32,37.73,38.22,666205
2025-03-03,39.06,39.45,37.52,37.75,546815
2025-03-04,37.69,38.26,36.78,37.72,1479086
2025-03-05,38.93,40.67,38.93,40.59,2816564
2025-03-06,40.01,40.85,40.01,40.12,1200382
2025-03-07,39.82,40.25,39.12,39.95,702173
2025-03-10,39.37,39.55,38.06,38.61,879686
2025-03-11,38.79,39.57,38.59,39.32,744104
2025-03-12,39.82,39.88,39.33,39.58,359157
2025-03-13,39.6,40.48,39.42,40.19,1750645
2025-03-14,41,41.46,40.84,41.32,1669096
2025-03-17,41.71,42.34,41.65,42.17,923676
2025-03-18,42.79,42.9,42.19,42.65,754203
2025-03-19,42.61,43.43,42.42,43.14,1383047
2025-03-20,42.49,43.01,42.23,42.61,779307
2025-03-21,41.69,41.93,41.3,41.74,1121546
2025-03-24,42.75,42.92,42.22,42.49,871786
2025-03-25,43.15,43.44,43.07,43.32,1395818
2025-03-26,43.35,43.42,41.81,42.08,2179299
2025-03-27,41.29,41.67,40.88,41.23,800168
2025-03-28,41,41.09,39.86,40.01,897553
2025-03-31,38.85,39.29,38.15,39.07,1089157
2025-04-01,39.07,39.53,38.79,39.34,678508
2025-04-02,38.94,39.25,38.8,39.1,571742
2025-04-03,37.45,37.6,36.3,36.4,3376213
2025-04-04,34.06,34.32,31.97,32.67,2291584
2025-04-07,31.33,34.15,31.14,32.31,1791894
2025-04-08,33.64,33.85,30.77,31.24,1905608
2025-04-09,31.75,35.35,31.16,34.95,3890266
2025-04-10,34.34,34.34,32.6,33.42,2353858
2025-04-11,34.41,35.74,34.36,35.52,2095196
2025-04-14,35.93,36.63,35.75,36.34,1853011
2025-04-15,36.12,36.48,35.89,36.2,1756981
2025-04-16,36.12,36.57,35.82,36.2,1693834
2025-04-17,36.36,36.7,35.9,36.35,1418084
2025-04-21,36.67,36.93,35.9,36.33,871972
2025-04-22,36.99,37.75,36.99,37.29,1899785
2025-04-23,37.87,38.76,37.87,38.16,1799781
2025-04-24,38.36,39.63,38.36,39.53,1779285
2025-04-25,38.74,39.26,38.65,39.19,1427070
2025-04-28,39.19,39.41,38.72,39.09,1505536
2025-04-29,39.48,39.54,38.8,38.98,1066462
2025-04-30,37.47,38.03,37.05,37.81,2127474
2025-05-01,38.1,38.55,37.87,38.07,1393239
2025-05-02,38.83,39.08,38.39,38.88,2002620
2025-05-05,38.88,39.19,38.55,38.56,1483452
2025-05-06,38.64,39.49,38.6,39.41,2062613
2025-05-07,39.03,39.19,38.28,38.52,1094534
2025-05-08,38.82,39.08,38.61,38.83,985028
2025-05-09,39.05,39.35,38.93,39.16,787770
2025-05-12,40.18,40.78,40.02,40.27,1448436
2025-05-13,40.33,41.13,40.33,40.86,1690813
2025-05-14,40.8,40.8,40.28,40.43,881870
2025-05-15,40.17,40.23,39.55,40.15,1083198
2025-05-16,39.58,39.75,39.04,39.53,842974
2025-05-19,39.23,39.96,39.16,39.93,635916
2025-05-20,39.71,40.02,39.71,39.96,728161
2025-05-21,40,40.86,40,40.18,922731
2025-05-22,40.1,40.54,39.96,40.21,1232563
2025-05-23,40.45,41.4,40.23,41.39,2268855
2025-05-27,41.47,41.77,41.27,41.43,1356330
2025-05-28,41.06,41.26,40.78,40.98,1197102
2025-05-29,41.41,41.65,41.05,41.24,886777
2025-05-30,41.02,41.21,40.55,41.1,1173865
2025-06-02,41.86,42.08,41.6,41.92,1195034
2025-06-03,41.88,42.1,41.45,42.06,751026
2025-06-04,42.38,42.7,42.25,42.59,1706678
2025-06-05,43.37,43.77,43.23,43.32,1842287
2025-06-06,43.5,43.72,43.17,43.18,819833
2025-06-09,43.31,43.8,43.31,43.56,1112510
2025-06-10,43.75,43.85,43.18,43.45,1140687
2025-06-11,43.36,43.58,43.09,43.18,1269417
2025-06-12,43.2,43.6,42.85,43.42,1187019
2025-06-13,42.53,43.19,42.37,42.89,1287759
2025-06-16,43.41,43.9,43.34,43.52,1046605
2025-06-17,43.63,43.63,42.9,42.98,817748
2025-06-18,42.96,43.4,42.88,43.01,658695
2025-06-20,42.96,42.96,41.92,41.98,1335499
2025-06-23,41.61,42.57,41.51,42.52,637195
2025-06-24,42.56,43.16,42.56,43.11,1310288
2025-06-25,42.67,43,42.6,42.98,670182
2025-06-26,44.16,45.69,44.16,45.59,2268402
2025-06-27,45.15,45.18,44.55,44.91,1158032
2025-06-30,44.76,45.05,44.3,45,1912970
2025-07-01,45.25,45.65,45.07,45.43,2932370
2025-07-02,45.84,47.16,45.79,46.62,3375891
2025-07-03,46.67,46.83,46.19,46.46,934550
2025-07-07,45.5,45.65,45.01,45.33,1664888
2025-07-08,45.83,46.81,45.15,45.65,3377449
2025-07-09,45.6,45.6,44.5,44.91,2252084
2025-07-10,45.26,45.56,44.93,45.48,1100605
2025-07-11,45.06,45.19,44.71,45.16,1005926
2025-07-14,44.87,44.98,44.72,44.92,625393
2025-07-15,45,45,44.02,44.34,998801
2025-07-16,44.28,44.33,43.76,44.3,544768
2025-07-17,43.8,44.2,43.57,44.02,914568
2025-07-18,44.26,44.29,43.86,43.87,446004
2025-07-21,44.85,45.26,44.8,44.88,1138282
2025-07-22,45.58,46.17,45.15,46.1,4141290
2025-07-23,46.48,46.85,46.24,46.5,1575713
2025-07-24,46.26,46.3,45.62,45.71,592212
2025-07-25,45.27,45.34,44.81,45.22,1245107
2025-07-28,44.72,44.74,43.89,44.66,1506658
2025-07-29,44.59,44.59,43.94,44.19,978355
2025-07-30,44.05,44.36,42.46,42.91,3045882
2025-07-31,41.94,43.19,41.94,43.05,1500076
2025-08-01,42.79,43.02,42.5,42.75,965657
2025-08-04,43.32,43.57,43.21,43.45,789962
2025-08-05,43.79,44.11,43.61,43.88,1113925
2025-08-06,44.27,44.59,44.13,44.27,915569
2025-08-07,44.96,45.29,44.7,45.15,1517173
2025-08-08,45.58,46.5,45.36,46.24,2324005
2025-08-11,46.12,46.17,45.41,45.5,598450
2025-08-12,45.89,46.57,45.86,46.49,1617002
2025-08-13,47,47.67,46.91,47.26,3358819
2025-08-14,46.71,46.71,46.14,46.5,609295
2025-08-15,47.45,47.46,47.15,47.15,438134
2025-08-18,46.96,47,46.55,46.67,517002
2025-08-19,46.91,46.99,46.07,46.08,613038
2025-08-20,46.12,46.33,45.96,46.27,586880
2025-08-21,46.12,46.63,45.97,46.63,689521
2025-08-22,46.53,48.29,46.41,48.21,2015050
2025-08-25,48.3,48.62,48.16,48.22,779380
2025-08-26,48.47,48.93,48.31,48.83,662856
2025-08-27,48.55,48.55,48.1,48.48,464226
2025-08-28,48.77,49.01,48.5,48.94,655360
2025-08-29,49.25,49.95,49.06,49.81,3000523
2025-09-02,49.41,50.15,48.94,50.15,1461702
2025-09-03,50.46,51.3,50.46,51.03,1654386
2025-09-04,50.41,50.45,49.67,50.14,1618857
2025-09-05,50.95,51.55,50.66,51.06,1825221
2025-09-08,51.44,51.44,50.82,51.42,793174
2025-09-09,52.14,52.74,51.41,51.43,1143012
2025-09-10,51.69,52.04,51.52,51.79,665525
2025-09-11,52.33,53.22,52.09,53,979769
2025-09-12,53.47,53.62,53.1,53.4,1150585
2025-09-15,53.59,54.37,53.4,54.24,1688759
2025-09-16,54.21,54.21,53.55,53.73,1327652
2025-09-17,53.13,53.75,52.54,53.03,1670951
2025-09-18,52.74,52.91,52.33,52.68,1766099
2025-09-19,53.1,53.97,53.02,53.54,2745973
2025-09-22,53.75,54.47,53.75,54.19,1143069
2025-09-23,54.57,54.77,53.88,54.12,1740975
2025-09-24,55.07,56.86,54.98,55.94,4477872
2025-09-25,56.62,56.69,55.96,56.22,2350620
2025-09-26,56.18,57.16,56.01,56.99,1953934
2025-09-29,58.39,59.86,58.35,59.23,4712740
2025-09-30,59.5,59.84,59.01,59.81,2762658
2025-10-01,59.97,60.87,59.84,60.53,4829387
2025-10-02,61.21,61.77,59.8,60.78,3435282
2025-10-03,61.42,62.51,61.27,61.97,3715957
2025-10-06,62.15,62.76,61.65,61.67,3351069
2025-10-07,62.68,62.85,61.37,61.71,2532116
2025-10-08,62.92,64.35,62.75,64.13,3871286
2025-10-09,66.17,66.2,63.39,63.98,3312740
2025-10-10,63.38,63.44,60.25,60.46,5356648
2025-10-13,63.46,64.27,63.22,64.14,2607081
2025-10-14,62.3,62.75,61.02,62.14,2950653
2025-10-15,63.51,63.86,62.64,63.48,1346456
2025-10-16,63.43,63.43,62.15,62.62,1730606
2025-10-17,61.66,61.98,60.38,61.11,2119424
2025-10-20,61.62,62.58,61.55,62.31,2117044
2025-10-21,60.84,60.87,58.81,59.3,3268119
2025-10-22,59.3,59.67,58.36,59.04,1639153
2025-10-23,60.47,61.07,60.19,60.21,2251601
2025-10-24,60.79,61.17,60.37,60.86,1283590
2025-10-27,62.05,62.35,60.55,61.03,2048549
2025-10-28,60.01,61.99,60.01,61.84,1937045
2025-10-29,62.62,63.88,62.47,62.84,2732060
2025-10-30,62.03,62.17,61.08,62.11,2187944
2025-10-31,61.59,61.76,61.08,61.76,2105761
2025-11-03,61.01,61.02,59.23,60.21,2502934
2025-11-04,58.13,58.73,57.41,57.93,4654872
2025-11-05,58.75,59.51,58.63,59.3,2990216
2025-11-06,60.3,60.78,59.9,60.04,2183218
2025-11-07,60.01,60.87,59.61,60.87,1679291
2025-11-10,62.29,62.9,62.05,62.53,1538583
2025-11-11,62.36,62.36,61.43,62,1821675
2025-11-12,62.5,63.51,62.36,63.32,2355238
2025-11-13,63.81,63.88,61.15,61.74,1900060
2025-11-14,60.27,61.78,59.63,61.15,1089626
2025-11-17,60.54,60.91,59.45,59.96,1900368
2025-11-18,59.32,59.43,58.14,58.74,2049616
2025-11-19,59.63,60.59,59.37,59.85,1150441
2025-11-20,60.39,60.61,57.19,57.43,2770325
2025-11-21,57.38,58.73,56.93,58.39,1967048
2025-11-24,58.45,60.13,58.39,60.01,1666768
2025-11-25,60.6,60.98,60.08,60.63,1666203
2025-11-26,61.4,62.64,61.26,62.26,1065275
2025-11-28,63.65,64.58,63.43,64.3,2146645
2025-12-01,65.55,66.11,64.82,64.86,2971620
2025-12-02,65.16,65.16,63.55,64.65,1651800
2025-12-03,66.28,67.67,66.14,67.47,6292998
2025-12-04,67.24,67.8,66.67,67.2,2696499
2025-12-05,68.5,69.1,67.71,68.01,2157368
2025-12-08,68.1,68.27,67.14,67.44,1772961
2025-12-09,66.14,67.07,65.48,66.9,1583147
2025-12-10,67.42,68.69,66.89,68.46,2239094
2025-12-11,68.25,69.64,68.2,69.15,2277859
2025-12-12,69.95,70.42,67.43,68.14,2517138
2025-12-15,69.68,69.71,68.52,68.76,2006877
2025-12-16,68.3,68.96,67.81,68.33,1439706
2025-12-17,69.46,69.73,68.68,68.75,1425425
2025-12-18,69.13,69.53,68.58,69.15,1398705
2025-12-19,69.9,71.1,69.63,70.3,3456498
2025-12-22,72.53,73.04,71.94,72.55,2936832
2025-12-23,73.24,74.05,72.66,73.94,2938351
2025-12-24,74.07,74.07,72.7,73.75,1122864
2025-12-26,74.93,76.5,74.7,75.71,3002713
2025-12-29,74.13,74.13,72,72.98,3738420
2025-12-30,73.06,73.18,72.14,72.5,3768562
2025-12-31,72.57,72.57,71.45,71.79,2494711
2026-01-02,73.54,74.07,72.32,73.06,2286119
2026-01-05,75.05,76.93,74.94,76.65,5575036
2026-01-06,77.66,78.69,77.38,78.07,6774972
2026-01-07,76.5,76.5,75.08,75.9,3927358
2026-01-08,74.75,75.64,73.52,75.62,3123075
2026-01-09,76.99,78.06,76.48,77.54,2987725
2026-01-12,79.27,80.17,78.82,80.07,5973534
2026-01-13,81.28,81.28,79.44,79.84,3530518
2026-01-14,81.59,82.62,81.07,82.39,5410321
2026-01-15,81.86,82.89,81.3,82.04,3951298
2026-01-16,81.06,81.06,79.3,80.77,4701645
2026-01-20,81.55,82.6,80.9,82.25,5244746
2026-01-21,84.58,85.58,83.14,83.97,5752609
2026-01-22,83.5,83.63,81.61,82.23,3961733
2026-01-23,84.49,86.15,83.83,86.01,5749981
2026-01-26,90.8,92.75,87.71,88.08,16169306
2026-01-27,88.7,90.44,87.75,90.42,8366972
2026-01-28,92.15,92.82,90.33,91.98,9110555
2026-01-29,99.74,99.99,91.28,94.23,18336235
2026-01-30,87.75,88.49,82.43,84.81,15177904
2026-02-02,84.76,85.79,83.63,85.2,6741890
2026-02-03,89.12,90.87,88.05,90.76,8428397
2026-02-04,91.7,91.75,84.49,86.61,8498912
2026-02-05,84.12,84.9,81.1,81.31,9580867
2026-02-06,83.8,84.99,83.66,84.68,5515596
2026-02-09,86.48,89.22,85.95,89.03,4473106
2026-02-10,88.58,88.78,87.15,88.23,2321675
2026-02-11,90.96,91.34,88.3,90.12,5597511
2026-02-12,91.57,91.57,86.1,87.15,4337799
2026-02-13,86.71,88.24,84.93,87.94,3538256
2026-02-17,84.4,85.02,81.78,84.78,4051435
2026-02-18,86.34,87.6,85.87,86.66,3316570
2026-02-19,84.45,86.12,83.81,86.12,5685543
2026-02-20,85.86,89.34,85.74,89.09,4000954
2026-02-23,89.43,91.16,89.02,90.85,4701692
2026-02-24,89.91,93.99,89.73,93.37,5832301
2026-02-25,95.97,97.24,94.75,95.06,5975477
2026-02-26,92.97,94.59,91.52,94.45,6070361
2026-02-27,95.34,96.71,94.59,95.7,5134492
2026-03-02,93.78,94.27,92.77,93.6,3726939
2026-03-03,85.85,87.89,83.4,87.02,8541188
2026-03-04,88.53,88.61,86.94,88.16,2532986
2026-03-05,85.14,85.65,81.15,82.3,6996178
2026-03-06,80.47,81.3,79.11,79.95,8376832
2026-03-09,77.45,82.25,76.18,82.24,7219728
2026-03-10,83.04,84.86,82.71,83.06,5096612
2026-03-11,81.96,83.28,81.1,82.29,3324228
2026-03-12,81.14,81.18,78.97,79.74,2832018
2026-03-13,79.75,80,76.12,76.39,4238613
2026-03-16,77.83,78.86,76.91,78.66,4793396
2026-03-17,77.99,78.92,77.33,77.91,2205867
2026-03-18,76.55,76.83,74.74,74.93,6505906
2026-03-19,69.62,73.04,68.55,72.38,7091871
2026-03-20,71.21,72.31,68.49,69.08,5274435
2026-03-23,71.67,74.21,71.55,73.55,8727822
2026-03-24,71.16,73.29,70.85,73,4285615
2026-03-25,75.62,76.37,74.62,75.64,4079310
2026-03-26,72.14,73.28,70.75,70.89,4773923
2026-03-27,70.68,72.87,70.52,71.61,4436105
2026-03-30,73.47,73.47,70.16,70.75,3301020
2026-03-31,72.74,76.41,72.7,76.35,5227972
2026-04-01,77.96,79.53,77.33,78.15,6566373
2026-04-02,74,77.43,73.86,76.86,3087391
2026-04-06,76.94,77.49,76.02,76.72,1368500
2026-04-07,76.58,76.9,74.87,76.74,1656813
2026-04-08,83.58,84.22,81.02,82.03,5526899
2026-04-09,81.72,82.63,80.57,81.56,4755953
2026-04-10,83.18,84.04,82.75,83.52,4013606
2026-04-13,82.4,85.08,82.24,84.87,2217188
2026-04-14,86,86.49,85.55,86.43,2907403
2026-04-15,86.33,86.75,85.44,86.08,1902701
2026-04-16,86.5,86.99,85.56,86.21,1573734
2026-04-17,87.64,89.01,86.81,87.19,2650360
2026-04-20,85.95,86.73,85.43,86.25,1956556
2026-04-21,85.64,85.9,81.32,81.47,6985461
2026-04-22,84.36,85.16,84.02,84.9,2810540
2026-04-23,83.74,85.2,81.29,82.46,2909555
2026-04-24,82.61,83.12,81.86,82.37,2512950
2026-04-27,81.91,82.14,80.97,81.7,2401651
2026-04-28,80.26,80.42,78.36,78.69,5734618
2026-04-29,79,79.02,77.57,77.73,3027066
2026-04-30,78.87,79.83,78.21,79.61,3377776
2026-05-01,79.7,80.44,78.95,79.05,1541988
2026-05-04,78.04,78.61,76.53,76.65,5167679
2026-05-05,78.71,79.17,78,78.21,2344714
2026-05-06,82.66,84.13,82.48,83.57,5764066
2026-05-07,85.14,85.69,82.45,82.61,4670256
2026-05-08,85.01,86.25,84.82,85.97,3708603
2026-05-11,86.76,88.83,86.76,87.59,6561818
2026-05-12,86.87,91,86.09,90.77,10519299
2026-05-13,90.6,92.77,90.33,91.91,6202570
2026-05-14,90.45,90.79,88.32,89.38,4763729
2026-05-15,85.12,85.12,82.76,83.05,7719832
2026-05-18,83.84,83.95,80.73,81.85,4496408
2026-05-19,80.07,80.2,78.34,79.37,5198623
2026-05-20,80.64,82.49,79.42,82.31,5544412
2026-05-21,80.59,83.88,80.45,83.02,2703117
2026-05-22,83.4,83.82,82.03,83.35,1971762
2026-05-26,86.46,87.54,86.2,87.51,3504010
2026-05-27,85.69,86.44,85.05,86.09,1951928
2026-05-28,85.49,88.75,84.5,88.44,3487416
2026-05-29,87.79,89.32,86.89,88.14,2384261
2026-06-01,87.46,90.37,86.61,90.06,4065130
2026-06-02,91.42,93.89,91.2,93.66,4070050
2026-06-03,91.81,92,89.84,90.25,4310973
2026-06-04,89.7,90.75,89.2,90.22,1795822
2026-06-05,86.82,87.06,80.51,80.64,6743290
2026-06-08,82.39,83,80.92,81.29,3279819
2026-06-09,82.8,83.2,77.68,80.14,4314002
2026-06-10,79.23,80.25,77.42,77.45,3984391
2026-06-11,79.03,83.28,79.03,83.16,3189944
2026-06-12,84,86.56,84,85.97,4247479
2026-06-15,90.33,91.68,89.49,89.81,3534169
2026-06-16,89.37,90.65,88.83,89.79,3671604
2026-06-17,89.33,90.8,86.59,86.76,3416742
2026-06-18,87.3,87.82,85.34,85.48,4625224
2026-06-22,84.84,85.22,83.98,84.89,2181052
2026-06-23,79.94,80.84,79.01,79.48,4007150
2026-06-24,76.98,77.08,74.88,75.7,5555849
2026-06-25,76.89,77.43,75.12,76.48,5537145
2026-06-26,75.71,77.07,75.57,76.18,2484903
2026-06-29,76.03,76.05,74.04,75.74,1940352
2026-06-30,76.75,77.55,76.25,76.97,2591058
2026-07-01,75.88,77.22,75.23,75.29,4563599
2026-07-02,76.65,78.61,75.43,76.65,2638316
2026-07-06,78.34,78.63,77.4,78.48,2335792
2026-07-07,76.66,77,74.13,74.63,2167138
2026-07-08,72.74,73.5,71.05,73.04,2735826
2026-07-09,74.14,75.86,74.13,75.4,3997530
2026-07-10,75.67,76.81,75.24,76.54,1244258
2026-07-13,75.73,76.11,74.07,74.35,1740742
2026-07-14,77.99,79.18,77.42,78.72,5014859
2026-07-15,78.39,79.03,76.06,77.26,1485744
2026-07-16,75.78,76.12,74.22,74.68,3429929
2026-07-17,72.21,74.09,71.76,73.35,2234299
2026-07-20,73.58,74.39,73.45,73.86,1550741
2026-07-21,76.12,78.48,76.02,78.24,3560850
2026-07-22,79.25,80.44,79.19,79.99,2970752
2026-07-23,78.48,79.5,77.58,78.37,2421847
2026-07-24,78.19,78.85,77.38,77.72,2120812
2026-07-27,78.71,78.8,76.33,77.9,2226988
2026-07-28,76.29,76.95,75.02,76.52,2440017
2026-07-29,76.33,78.5,74.85,76.14,2943975
2026-07-30,78.83,79.65,77.9,79.5,3081147
2026-07-31,79.26,79.45,77.24,78.86,1574506
2026-08-03,78.33,79.55,77.64,79.36,1996451
2026-08-04,82.69,84.18,82.33,83.99,3942587
2026-08-05,86.17,87.4,86.01,86.72,3738769
2026-08-06,86.67,87.44,85.44,86.09,3171813
2026-08-07,87.95,88.56,87.11,88.03,4404376
2026-08-10,88.93,89.82,88.17,89.51,2143533
2026-08-11,89.26,89.48,87.62,88.59,1690272
2026-08-12,89.92,90.25,88.24,88.3,2021849
2026-08-13,86.76,87.13,85,85.52,4882792
2026-08-14,85.47,86.58,85.47,85.7,1626359
2026-08-17,86.35,87.58,86.22,87.34,2302855
2026-08-18,86.42,87.06,84.93,85.57,3183507
2026-08-19,88.11,89.07,87.29,88.28,3437421
2026-08-20,87.24,89.96,87.2,89.93,2541238
2026-08-21,93.09,94.84,92.83,94.59,5560418
2026-08-24,95.58,96.09,93.57,94.53,4030173
2026-08-25,93.93,96.34,93.63,96.32,3043569
2026-08-26,96.38,97.15,95.31,95.54,3257232
2026-08-27,95.07,96.5,94.75,96.45,2145332
2026-08-28,97.11,97.59,93.83,94.42,2596340
2026-08-31,94.4,94.65,92.28,92.86,2758960
2026-09-01,91.2,92.44,89.15,89.24,5082549
